AddressID,Street,City,State,ZipCode
10001,87011 Kimberly Shoals,Port Walter,AL,86705
10002,32493 Sawyer Motorway Apt. 232,Ethanland,TX,70452
10003,07624 Michael Center,West Jacob,TX,22844
10004,7556 Kelly Mountains Apt. 176,North Kelliton,VA,45265
10005,80697 Robert Courts,East Krista,MN,97892
10006,579 Denise Lake Suite 371,New Charleshaven,DC,22444
10007,545 Davenport Points Apt. 664,Janestad,VT,62393
10008,65957 Patricia Unions Suite 979,East Kristin,GU,92100
10009,87375 Paul Corner Suite 568,Bakerside,WY,32677
10010,2733 Butler Street,Mannport,WA,79220
10011,94410 Patrick Plains Suite 995,Lindseyfort,PA,11073
10012,161 Reed Mill Apt. 849,West Jacquelineland,HI,96406
10013,791 Moon Field Suite 299,North Mary,NE,19761
10014,316 Manning Harbors,Solisfort,IA,91525
10015,70748 Green Canyon,Garciaberg,TN,22057
10016,3713 Nicole Pass Suite 809,Ruizmouth,FM,82064
10017,93306 Ashley Villages,New Mark,PA,81188
10018,4855 David Estates Suite 476,North Justinside,IA,85351
10019,440 Marie Plaza,Tarabury,MO,99662
10020,9026 Tran Mountain Apt. 349,Connieborough,NJ,25589
10021,103 Ashley Light,South Angelaville,KY,77860
10022,44604 Simmons Plaza,New Raymondside,WA,35785
10023,789 Robin Stravenue,Michaelmouth,PW,88845
10024,864 Schmidt Union Suite 805,North Zacharystad,MD,41197
10025,09582 Salazar Spurs Apt. 248,Port Rachel,TX,83276
10026,29106 Farmer Skyway,Deannaborough,CO,67263
10027,48822 Bryan Valley Apt. 135,Jamesfurt,MN,69228
10028,87491 David Garden Suite 273,West Thomas,VA,63114
10029,37220 Martinez Freeway,Port Jane,IN,94311
10030,4664 Short Points,New Amberbury,VI,99690
10031,3966 Marshall Drive Suite 607,West Colleenshire,NV,77053
10032,482 Scott Ports Suite 784,Robertsonside,SD,39527
10033,8068 Sandra Ways Suite 761,South Briannaview,AL,35992
10034,141 Gordon Via,Evansport,AL,88827
10035,2627 Jeremy Pine Suite 265,Port Joelfurt,DC,56933
10036,22404 Sean Bypass,New Jack,AK,27114
10037,6393 Jason Fork,West Cody,PW,60769
10038,3927 Le Fork Suite 262,South Margaret,MN,31284
10039,19735 Morris Hollow,Lake Sara,KY,47905
10040,1541 Hebert Fort,Port Justin,MN,65726
10041,493 Mayer Park Suite 577,Johnton,OH,73623
10042,011 Reed Drive Suite 347,Trevorbury,KS,79087
10043,721 Brown Squares,Hunterbury,OK,48311
10044,481 Sarah Crest Suite 290,Marcusland,OR,26644
10045,0222 Joseph Canyon,New Sherri,MP,31957
10046,2623 Tyler Wells Suite 014,North Jamiemouth,AR,29626
10047,05442 Jacob Park,North Bryan,MH,48933
10048,57290 Christopher View Suite 226,South Michelle,WI,33587
10049,0824 Meyer Roads,Port Alison,NC,41462
10050,10590 Scott Overpass,Haneyfurt,MH,10108
10051,57352 Elizabeth Lights Apt. 967,Port Baileybury,PW,24750
10052,42483 Matthew Club,South Lancebury,HI,11224
10053,32901 Brent Pass Suite 744,North Jameshaven,VI,47413
10054,4226 William Locks,Newmanmouth,MH,71134
10055,1207 Pham River Apt. 009,Toddfort,VT,80151
10056,7632 Davis Hill Suite 268,Lake Sherry,MS,30682
10057,908 Webster Fork,Timothyburgh,PA,68587
10058,31068 Brittney Haven Suite 285,Smithstad,MP,17213
10059,781 Snyder Court,New Michaelmouth,MP,56073
10060,1060 Rebecca Springs Suite 348,Jeffreyburgh,CO,14642
10061,4676 Anthony Trail Suite 936,South Nathanburgh,FM,56434
10062,769 Johnson Valley,New Joannton,MA,87975
10063,1398 Greene Rest,New Briana,ND,37867
10064,37193 Timothy Route Apt. 540,Dylantown,VA,54036
10065,815 Nicholas Skyway,Powellville,NE,31047
10066,65864 Ramos Skyway,Port Teresastad,AS,23896
10067,22592 Amanda Islands Apt. 805,Sabrinastad,PA,30551
10068,5028 Pham Station,Stephaniefort,AK,45485
10069,0469 Timothy Bypass,West Kristin,ND,38094
10070,1674 King Shoal,Michelleland,TX,57816
10071,86190 Clark Haven,Briannahaven,KS,49043
10072,19099 Stephanie Valley Apt. 950,Rogerfort,VI,88664
10073,9413 Garcia Meadow Apt. 834,Lake Maryborough,SC,35366
10074,27402 Perez Ramp,North Shellyland,RI,60389
10075,27388 Green Garden,Thomashaven,IN,38579
10076,751 Davis Burg Suite 977,New Juan,UT,17487
10077,154 Johnathan Green,Avilafort,SD,50139
10078,15166 Michael Route,Stephaniemouth,NV,34826
10079,926 Alyssa Squares Suite 528,Bakerton,PW,65053
10080,292 Nicholas Parkway Apt. 817,Riveraburgh,VI,74817
10081,98790 Patrick Mall,South Kim,GU,85489
10082,8073 Frederick Drive,New Desireeshire,NV,42384
10083,39844 Kim Way,East Samantha,WA,71098
10084,61102 Natasha Isle Suite 830,New Deborah,AR,38693
10085,9008 Wayne Bypass,Bakermouth,FL,10746
10086,8703 Melissa Glen Suite 256,Lake Robertmouth,NE,46814
10087,918 Karen Streets Suite 594,East Jennifer,MP,88342
10088,652 Jackson Corner,North Williambury,IL,24296
10089,1593 Sandra Square,East Christophershire,DE,87243
10090,850 Sanchez Ford,Freemanside,NH,69396
10091,209 Linda Lake,Blairchester,VA,40828
10092,485 Torres Lodge,Camposview,FM,82836
10093,062 Robinson Highway,Millerland,MT,78746
10094,94341 Koch Ramp Apt. 421,Joystad,NM,17269
10095,5890 Mays Plains Apt. 225,Dunnville,VT,29914
10096,41850 James Curve Apt. 076,Jonesside,CA,12798
10097,33603 Carrie Roads,Robertsonchester,NE,26311
10098,418 Martinez Mountains,Matthewbury,ND,73138
10099,5857 John Prairie,Mikaylafort,KY,20837
10100,851 Gross Junction,West Jamesmouth,IA,11971
10101,76389 Kathy Valley Apt. 854,Levinemouth,FL,65093
10102,9853 Bonilla Place,Port Norma,AZ,27622
10103,082 Laura Locks,Williamsfort,LA,49381
10104,135 Lisa Station,Brendahaven,MO,98477
10105,98128 Nicole Plaza,Marshallbury,MP,29444
10106,26410 Medina Pine,Brownland,CO,98456
10107,2669 Christina Parkway,East Douglasborough,AR,63632
10108,900 Garcia Estates,New Jasonborough,KS,84691
10109,629 Anthony Turnpike,North Keithberg,VA,16811
10110,856 Amber Shoals,Port Danielle,PA,64805
10111,87961 Zachary Springs Suite 915,Baileyfurt,KS,67320
10112,287 Justin Squares Suite 774,Port Cindyland,PW,65269
10113,938 Thompson Hill,West Rebecca,ME,69400
10114,3020 Johnson Forks,Mcknightland,CA,11488
10115,954 Bender Mountain Suite 406,East Bernard,SD,22101
10116,9154 Matthew Mountains,Morrisfurt,NM,14746
10117,9759 Jason Isle,Danielside,IN,13581
10118,1444 Marc Ridges,Weissfurt,HI,54261
10119,549 Lang Brooks,North Diana,MO,47147
10120,991 Smith Haven Suite 424,Brownfort,FL,66176
10121,473 Willis Run Suite 670,Donaldchester,VA,29385
10122,84519 Julie Highway Suite 195,West Rebecca,WY,29132
10123,612 Kyle Key,West Anna,MP,63137
10124,550 Conway Corner,Wilsonbury,PA,40680
10125,31957 Jason Valley Suite 306,North Cynthiaburgh,MN,26813
10126,7733 Johnson Light,East Brenda,IL,42491
10127,8030 Sampson Rapids,Andreahaven,OH,25333
10128,81094 Desiree Row,Micheleview,ID,79646
10129,030 Christine Turnpike Suite 631,Vegaport,MT,59862
10130,14398 Martinez Radial,Wilsonhaven,OR,67647
10131,473 Harvey Summit Apt. 966,South Samantha,VT,11234
10132,79855 Price Center Apt. 021,West Michael,PW,43855
10133,51050 Coleman Drive,Shawnberg,IN,71854
10134,7875 Timothy Crossing Suite 835,East William,WY,80771
10135,466 Angel Mission Suite 952,East Vincent,MT,23518
10136,287 Richards Rest Apt. 139,South Monicaton,OR,28995
10137,849 Sherri Circle,Josephfurt,NY,44096
10138,604 Stewart Crest,Connieland,ID,39303
10139,2887 Alexandria Pass Apt. 631,North Tammy,FM,67995
10140,520 Katrina Meadows,Port Anna,WV,10109
10141,78201 Barrera Plain Apt. 321,Samanthafurt,SC,37347
10142,76112 Gill Ford Suite 503,Adrianchester,TX,30568
10143,1096 Foster Trafficway Suite 698,West Jay,TN,67925
10144,95968 Tyrone Harbors,New Amyview,WA,24220
10145,566 Brittany Hollow,North Krista,NV,14147
10146,4575 Jenkins Brooks,Timland,OH,54283
10147,672 Benjamin Manors,New Suzanneland,CA,43717
10148,43715 Michelle Freeway,Edwardschester,TX,82206
10149,1482 Valerie Extensions,Port Dylanmouth,OH,89184
10150,8918 Lawrence Isle,Benjaminside,NC,83713
10151,99636 Kim Plaza,Ayalaport,IL,56720
10152,581 Martinez Motorway Suite 712,Lake Leslieshire,NE,12030
10153,035 Bush Isle Apt. 838,Michaelport,IL,60891
10154,847 Gregory Ramp,Christinaville,IL,28570
10155,8185 Hanson Locks,Timothyhaven,AS,33973
10156,749 Webb Junction Apt. 923,Michaelstad,OR,71447
10157,568 Maria Landing Suite 672,North Caleb,FM,75306
10158,14897 Wesley Mews Suite 175,West Patrick,MS,61540
10159,84394 Gibbs Crest Suite 564,Lindsaymouth,PW,41132
10160,92522 Michael Keys Suite 248,South Steven,CA,22707
10161,9554 Hall Hill Apt. 044,Coxchester,GU,31303
10162,67688 Heather Union,East Kennethshire,MP,92879
10163,154 Burns Extension,Brownview,KS,36927
10164,512 Yates Alley Suite 897,Lake Samantha,MP,79498
10165,7014 Raymond Parks,Francoview,SD,88018
10166,627 Foster Crossroad,East Kevin,GA,43314
10167,2855 Jones Fords,Brownshire,DE,39340
10168,714 Rogers Extensions Suite 682,Port Isaactown,NE,47173
10169,47358 Leonard Freeway,East Nicholas,ME,70117
10170,14033 Sanchez Pine,Lake Danielmouth,MH,84227
10171,215 David Walk,East Dawnchester,VT,18867
10172,355 Long Isle,East Davidshire,MN,95407
10173,435 Brady Place Suite 256,Ortegaville,OH,38961
10174,73765 Newman Orchard,New Ashley,NC,13781
10175,967 Kelly Orchard Apt. 758,Davidfort,WI,76784
10176,8237 Mccarthy Burgs,North Steven,VI,57701
10177,98270 Rivera Brooks Apt. 193,Garcialand,NC,33162
10178,4221 Gonzalez Mountains,Jamesmouth,OH,16072
10179,0397 Adkins Orchard Suite 388,Gayland,NV,53963
10180,598 Hill Stream,Lorifort,CA,13596
10181,323 Edward Plains,Burnsstad,KY,32418
10182,148 Hayes Heights Apt. 018,South Alexbury,AK,40719
10183,286 Fisher Mill,Port Dannytown,CA,57133
10184,7676 Beck Key Apt. 242,Douglasville,AZ,37898
10185,698 David Knoll Apt. 913,Michaelstad,PW,91558
10186,2969 Brewer Forge Suite 940,Alexburgh,NM,51479
10187,21082 Evans Vista Apt. 503,West Lisahaven,NE,42928
10188,1146 Allen Throughway Suite 668,North Kathleen,CO,42339
10189,793 William Walks,Port Zachary,AZ,83868
10190,2763 Daniel Parkway Apt. 796,Ashleyhaven,MH,26097
10191,55099 Gutierrez Pines Apt. 249,Lake Crystal,VT,17288
10192,494 Samantha Loop Suite 202,Travisville,PW,53508
10193,632 Watts Mountain,Nathanburgh,CT,36413
10194,0304 Xavier Centers Suite 778,Hansenbury,VA,30949
10195,8286 Williamson River,Kingtown,VT,48693
10196,0359 Barron Valleys Apt. 817,Henryfurt,AL,48204
10197,6728 Martinez Park,Fosterchester,VT,18200
10198,466 Jeremy Orchard Apt. 505,North Craig,MP,61865
10199,913 Butler Station,Petersenstad,WV,81885
10200,713 Joseph Gateway Apt. 834,East Michael,SD,19746
10201,94101 Hayes Circles Apt. 716,Johnathanhaven,OK,16122
10202,775 Brown Locks,Sydneytown,WA,95043
10203,174 Smith Causeway Apt. 777,Robersonside,NJ,37816
10204,30247 Dennis View Apt. 083,North Scottstad,PW,10766
10205,13495 Knight Extensions,New Jonchester,HI,72700
10206,3780 Roberts Mall,Cookville,KS,46539
10207,87922 John Street Suite 979,North Johnathanland,VI,44817
10208,8161 Nicholas Valley Apt. 769,Lisaburgh,NV,15957
10209,2338 Christopher Via Suite 982,Toddberg,MN,69616
10210,207 Melissa Green Apt. 866,North Nicolefort,SD,74679
10211,424 Morton Freeway,Craigmouth,MT,13981
10212,536 Dana Stream Apt. 285,Valdezborough,SD,27418
10213,349 Perez Garden Apt. 442,Dwayneburgh,AZ,77143
10214,72351 Young Course Suite 252,Lake Courtney,CT,81704
10215,723 Melissa Villages,Julialand,KS,48337
10216,231 Luis Alley,Port Ericafurt,RI,33803
10217,7090 Alison Parks Suite 187,Buckstad,MH,78216
10218,4614 Horne Forge Suite 868,Lake Jeremiah,CA,78602
10219,5383 Osborn Springs,New Michelle,WI,47987
10220,4748 Brian Grove,Jonesberg,ND,52938
10221,248 Christine Manors,Russellmouth,RI,11713
10222,8541 Alexander Land Suite 328,Lancemouth,PW,26363
10223,4821 Tiffany Drives Apt. 274,Nashville,AS,31223
10224,8654 Ralph Ports Apt. 645,South Danielport,AZ,34928
10225,72242 Boyd Creek,Port Katelyn,ID,64751
10226,83837 Melissa Spur Suite 393,Morenoland,CA,10686
10227,480 Logan Mountains,Ashleyland,OR,39676
10228,5345 Derek Lights,Ramosstad,OK,52988
10229,8403 Young Center Apt. 963,North Marcuston,MN,20098
10230,163 Santiago Meadows,Sheilashire,CA,97240
10231,8519 Hardy Keys Apt. 060,Stevenburgh,MT,62584
10232,235 Stephanie Gateway Suite 535,Port Sandratown,NE,68780
10233,637 Christina Manor,Mooreton,MP,44779
10234,16943 Thomas Parks,Schultzton,PA,84960
10235,935 David Fork Suite 702,West Davidmouth,HI,67888
10236,1307 Blake Isle Apt. 276,Jimenezmouth,KY,48305
10237,365 Sean Ports Apt. 885,Baileyborough,MH,49217
10238,0407 Stevens Falls,Christianport,NH,38021
10239,551 Evelyn Plains,South Daltonfort,NE,90590
10240,7144 Allison Estates,North Jonathanport,OH,30716
10241,12534 Heidi Cliffs,Port Sherri,CO,33899
10242,13152 Roberts Spurs Suite 049,Port David,SD,33145
10243,11303 Johnson Villages Apt. 651,Perryberg,MS,51358
10244,486 Rodney Rue,South Marytown,WV,75349
10245,4656 Jason Parkway,South Patricia,KY,11772
10246,2054 Seth Glens,Angelatown,PR,31256
10247,62904 Herbert Hollow,Emmaton,NV,47168
10248,5742 Nguyen Ridges Suite 360,Port Jackfurt,KY,97762
10249,13806 Kelley Glen Apt. 751,Port Isaac,SD,74521
10250,974 Smith Wells Apt. 416,New Daniel,MT,73133
10251,29022 Wright Point Apt. 470,Port Keithchester,NM,47991
10252,3116 Short Walk Suite 202,Bradleybury,GA,72444
10253,407 Jennifer Station,Christianfurt,FM,13989
10254,4890 Lisa Park,Sherrifort,MH,38604
10255,75014 Sean Isle Apt. 601,Kathybury,NH,35893
10256,1563 David Cove Apt. 915,Port Kevin,HI,71054
10257,73003 Shaw Plains Apt. 303,Matthewburgh,NV,67702
10258,695 Christopher Tunnel Suite 370,Villastad,AZ,73677
10259,2398 Jose Groves Apt. 519,Scottfort,MO,25572
10260,8665 Aaron Hill Suite 035,Lake Sean,NJ,18620
10261,09460 Lynn Parkways,Codyton,ME,58146
10262,0394 Jennifer Gardens Suite 762,Nicoleland,MS,22094
10263,7838 Darrell Passage,West Susan,DE,41641
10264,0067 Johns Cliff Suite 334,East Jacobchester,SC,75208
10265,6122 Robert Land Apt. 048,Lopezland,TX,13654
10266,56662 Perez Crescent Suite 375,Wileybury,MN,46645
10267,665 Jerry Stravenue Suite 858,South Bradleystad,AL,90049
10268,62097 Roberts Locks,Lindaside,MT,57093
10269,6038 Ann Fall,North Ashley,IA,18565
10270,247 Stephanie Trafficway,Jenniferchester,MH,15440
10271,33465 Amy Divide Apt. 324,Jamiefurt,DE,43737
10272,276 Owen Island Apt. 836,Lake David,IN,84828
10273,6464 Schmidt Loop,New Ernesthaven,OK,79289
10274,548 Larsen Valleys,West Christopher,MS,30252
10275,883 Murphy Fords Suite 711,West Sarashire,GU,79709
10276,90602 Ware Light,New Monicafort,SD,81014
10277,12398 Jones Plaza,South Antonio,AK,32873
10278,0111 Smith Plaza Suite 546,Port Jonathanmouth,MA,17713
10279,2407 Ryan Fork Suite 392,Amandashire,NM,92466
10280,493 Jimenez Ridge Apt. 756,East Selenaland,DE,96234
10281,03638 Kim Pass Suite 613,Whitemouth,MI,51500
10282,31850 Oconnor Ports,East Ericside,OH,94375
10283,5391 Teresa Parkways,New Victorchester,WA,49620
10284,3179 David Green Suite 097,Port Maria,DC,90374
10285,83638 Bautista Field Suite 547,East Calebville,UT,71137
10286,615 Guerra Bypass Suite 893,Michelleside,MT,88864
10287,079 Pineda Village Suite 301,Robertberg,RI,76000
10288,82225 Caitlin Stream,Lake Michellefurt,CT,52787
10289,43493 Ian Roads,New Leehaven,PW,64083
10290,591 Crawford Locks Suite 813,Andreburgh,RI,86336
10291,472 Tamara Highway Suite 346,South Deborah,HI,14281
10292,15279 Morales Union,Jessicahaven,AK,94277
10293,706 Brandy Rue,North Williamville,MS,34634
10294,42599 Timothy Parks Apt. 685,Anthonytown,KY,29380
10295,912 Susan Track Apt. 563,Port Jerryton,IA,76695
10296,061 Allen Knolls,East Karen,AL,33828
10297,609 Patterson Road,Lake Christopher,CA,40732
10298,580 Browning Lake,Rogersmouth,FM,33283
10299,330 Moore Common Apt. 049,Patriciatown,HI,81223
10300,2012 Theresa Place Suite 891,Silvaland,PA,61756
10301,1118 Beard Court Suite 160,Martinborough,PA,40019
10302,9570 Garcia Street,New Daniel,MN,15523
10303,614 Stephen Divide Suite 581,Bartonview,PW,36303
10304,9295 Angelica Orchard,New Stacey,OR,73611
10305,98731 Tina Cove Suite 348,North Jeffrey,CO,39391
10306,8247 Rachel Camp Apt. 787,New Meganfort,DE,86579
10307,2877 Lisa Mill Apt. 362,New Jacobville,MS,62895
10308,7011 Coleman Views Apt. 954,Brownhaven,WY,22500
10309,1358 Barbara Forges Apt. 075,South Thomasberg,CT,91263
10310,404 Wiggins Streets Apt. 796,Maryfort,HI,36620
10311,71427 Gina Corner Suite 748,East Mary,IA,65681
10312,99376 Steven Falls Apt. 901,Lake David,CT,11127
10313,6952 Adam Ranch,Nicholasfort,MS,29485
10314,4623 Houston Plain Suite 486,North Andrea,MA,23162
10315,87107 Matthew Stravenue,South Johnmouth,PR,44158
10316,509 Burns Overpass Apt. 706,New Nancy,FL,45185
10317,360 Megan Springs Suite 857,East Danielchester,MD,32610
10318,45648 Adrian Walk,Petersonburgh,FM,21486
10319,7509 Perez River Suite 482,New Sherry,MH,85417
10320,00466 Bowman Stream Apt. 329,Wolffort,MO,23534
10321,898 Angela Ports,Davidmouth,ME,20823
10322,9670 Misty Mount Suite 326,Jonhaven,GU,50839
10323,711 Horn Pike,Port Jonathan,TX,41200
10324,274 Holden Brooks,Pattersonmouth,VA,46418
10325,379 Fuller Lane Apt. 839,Rodneyfurt,NM,96313
10326,02849 Leon Skyway,North Ethanburgh,GU,79055
10327,356 Jeremy Coves,Brittanyside,TX,66803
10328,9442 Gutierrez Square,North Katherine,IL,95036
10329,4380 Reed Isle Apt. 141,Charlesport,LA,21141
10330,28109 Howard Haven,Laurieland,WY,96970
10331,7457 Michael Light,East Anthony,MP,31457
10332,155 Jack Isle Apt. 286,West Elizabethfurt,OK,38600
10333,8483 Zimmerman Garden,New Randyton,PA,30838
10334,0760 William Radial Suite 678,Lake Joshuaton,TX,24086
10335,1571 Haley Village,Hinesbury,IA,30705
10336,18796 Samuel Terrace,New Jonathonberg,MT,72175
10337,217 Kristen Vista,South Matthewborough,NE,31817
10338,62487 Joseph Overpass Apt. 573,South Jasminetown,WY,11251
10339,698 Smith Expressway,East Williamton,PR,73914
10340,8545 White Station,Daniellefort,UT,79411
10341,64288 Jones Points Apt. 084,Farmerfurt,GA,87844
10342,368 Aaron Hill Apt. 704,Gallagherberg,MH,48525
10343,7515 Edwin Isle,Port Katelynland,TN,50868
10344,674 Brown Turnpike,Williamstown,FL,76324
10345,649 Smith Mountain Suite 080,West Joshua,TX,10341
10346,60263 Aaron Harbors,East Albertton,TN,80194
10347,8306 Hannah Walks,Graychester,MT,82382
10348,647 Robinson Island Apt. 514,New Devin,AS,37198
10349,6150 David Track,North Jacqueline,NH,33575
10350,8355 Joseph Row Apt. 197,Leslietown,MI,77489
10351,905 Morgan Trail,Mcgeetown,MD,80116
10352,1839 Clark Street Suite 917,Jonesville,MN,41479
10353,6993 Rodriguez Stream,Port Robin,KS,32352
10354,757 Gilbert Views Apt. 288,North Kimberly,PW,81724
10355,5295 Yu Junction Apt. 483,East Kimberlyport,MS,80124
10356,9217 Joshua Orchard Apt. 755,Lake Tiffany,FM,19538
10357,11258 Sherri Port,Kellyland,PW,32328
10358,230 Bethany Lodge Apt. 061,South Christopher,SD,34748
10359,16352 Young Orchard Apt. 100,Tracyton,MP,97973
10360,898 Denise Dam Suite 124,Elizabethberg,NV,12427
10361,26859 Tiffany Views,Lake Laurabury,LA,59329
10362,454 Hill Centers,South Carmenbury,SC,54636
10363,07118 Green Keys Apt. 100,Nicholasberg,NE,19394
10364,885 Daniel Unions Apt. 185,Lewisberg,KS,49351
10365,470 Chavez Coves,Carolineview,SD,65000
10366,184 Rodriguez Mill,New Stacey,ME,41010
10367,054 Lin Mount Apt. 746,Port Megan,UT,21113
10368,741 Tyler Overpass,Kevinchester,NE,36466
10369,89445 Jennifer Squares Apt. 946,Delgadoside,DC,92371
10370,220 Evan Parks Suite 072,Natalieshire,TN,34293
10371,58251 Nicole Mews,Port Annamouth,NV,56494
10372,386 Brandi Glen Apt. 228,Blanchardstad,ME,68723
10373,07704 Diana Parks Apt. 575,New Taylorchester,MA,35568
10374,759 Janice Manors,Paulachester,SD,62104
10375,420 Watson Ports Apt. 417,New Ritafurt,WV,32214
10376,42641 Horton Port,Sydneychester,LA,63613
10377,0313 Alisha Ways,East Emilyburgh,TN,83896
10378,1946 Gonzalez Loaf Suite 806,Andersontown,KS,88714
10379,9955 Thompson Land Suite 131,North Christopherton,ND,30922
10380,597 Angela Mall Apt. 624,South John,RI,94103
10381,966 Hansen Coves,East Karen,AR,95468
10382,5107 Kelley Pines,West Christinaville,MA,61908
10383,6230 Randy Gardens Apt. 544,Charlesport,WY,81474
10384,3583 Vincent Tunnel Suite 874,Torreschester,NE,92623
10385,31721 Sydney Wall Apt. 474,Wallview,NV,18136
10386,18504 Bethany Green Suite 487,East Robert,UT,16872
10387,483 Scott Spurs Apt. 752,South Davidland,MD,83209
10388,26445 Garcia Spurs Apt. 086,West Larryfort,AS,72447
10389,6450 Andrea Mill Suite 632,North Ryanport,AK,37160
10390,9233 Carolyn Ways,West Kyleside,PW,43762
10391,7300 Chavez Harbors Suite 231,Karenchester,OR,39785
10392,66487 Gonzalez Stream,Nancyfort,LA,70886
10393,14880 Cervantes Glen Suite 365,Mcfarlandbury,SC,74341
10394,160 Wilson Divide Suite 471,Stacyland,OK,76054
10395,783 Ashley Mall Apt. 129,Stewartfort,DC,55137
10396,442 Joseph Prairie,Jonesborough,MI,68968
10397,004 Ronald Fork Suite 301,Port Ashleyton,PW,37795
10398,214 Edward Parks,Ericfort,SC,94005
10399,85682 Mclaughlin Views,New Melissafurt,NH,79134
10400,86215 Kimberly Highway Apt. 878,Luisstad,ME,84712
10401,6889 Meza Mount Apt. 566,East Michaelburgh,IL,36305
10402,4321 Victoria Ports Apt. 602,Lindaville,IL,80180
10403,9217 Moreno Hill Apt. 589,Kimborough,VT,59409
10404,8202 Wendy Pike Suite 548,West Amber,AK,82986
10405,6460 Lane Crest,Danielfort,HI,16136
10406,415 Cruz Mill,Port Veronica,RI,69877
10407,0204 William Loop Suite 258,Lake Sandrashire,UT,56609
10408,16589 Brandon Club,Port Larry,WY,52708
10409,496 Victoria Meadows Suite 921,Erinborough,OH,88458
10410,087 Luis Point,Brownberg,VT,23787
10411,48008 Trevor Circles,Conradville,LA,63540
10412,04772 Strickland Spur,Jeffmouth,WA,27692
10413,39394 Garcia Drives,Richardsonburgh,MH,47010
10414,95491 Page Highway,New Kyleland,MH,42407
10415,6680 Kathleen Path,Juliechester,OH,37839
10416,588 Jonathan Underpass Apt. 669,Christopherburgh,OR,14495
10417,071 Pamela Inlet,Morganfort,UT,67484
10418,62123 Patton Court,New Todd,ID,14249
10419,1643 Gail Lane Suite 192,Cynthiastad,OK,91136
10420,89447 Green Mountain Apt. 770,East Tanyaberg,DC,36203
10421,29168 Anderson Walks,Meganville,PR,86343
10422,795 Keith Lock,Stevenland,VT,39614
10423,43877 Susan Forges Suite 267,Tracymouth,LA,93469
10424,64369 White Plain Apt. 193,Byrdside,AK,59731
10425,38234 Page Branch Suite 282,East Alexandra,ID,79469
10426,7697 Regina Mountains Apt. 188,Stephaniebury,CT,88004
10427,39026 Phillips Cove Apt. 391,South Matthewstad,OH,56590
10428,339 Carpenter Ports,West Teresastad,NH,20846
10429,0672 Timothy Lock Suite 707,West Eric,PA,67700
10430,258 Williams Crescent,Jacksonton,ME,35184
10431,22191 Brown Knolls Apt. 045,South Melissahaven,AS,53689
10432,8748 Walker Streets Suite 927,South Steve,CT,55672
10433,822 Amanda Key Apt. 111,Deniseside,CA,94616
10434,7532 Meyers Lakes,Melissafort,AZ,87948
10435,8394 Hamilton Vista Suite 712,West Philipmouth,NV,25760
10436,10849 Dana Vista Suite 444,Christophertown,OR,63714
10437,846 Terry Points Apt. 618,Humphreychester,ME,92046
10438,8710 Washington Stream,Jerrymouth,WY,12716
10439,0106 Grant Shore Suite 676,Sheilachester,WI,37154
10440,570 Terri Squares,South Marcside,TX,12043
10441,439 Howard Point,Camerontown,MD,85032
10442,9507 Haley Court Apt. 457,Davidtown,KS,90923
10443,104 Victoria Crossroad,Sherryfort,NE,25499
10444,5407 Denise Course,Cherryton,KY,12724
10445,022 Powers Groves,Carolborough,SC,22763
10446,750 Cole Pines Apt. 383,Rodneyberg,NH,35023
10447,92287 Amber Land,New Theresahaven,CO,61090
10448,76057 Christopher Locks,Penaburgh,NE,77767
10449,049 Mccormick Trail,Lake Stephanieville,AZ,27696
10450,4578 Macias Flats Suite 685,West Barryport,NM,78074
10451,255 Nielsen Shoals Apt. 788,South Jesseside,FL,58437
10452,5664 Berry Shoals Suite 215,Port Nicoleburgh,MO,86087
10453,161 Williams Unions,New Mariahville,RI,76085
10454,000 Garcia Forge Suite 103,Diazchester,MN,34165
10455,49222 Smith Courts Suite 686,West Brenda,ND,48956
10456,8537 Jones Mission Apt. 517,Port George,WV,61009
10457,33466 Donald Ports,Patriciaville,MA,29344
10458,259 Sharon Branch,South Kevinmouth,MS,28485
10459,35924 Travis Pines,Kylemouth,SD,37881
10460,976 Marvin Mill Suite 078,Georgeborough,AL,63277
10461,2654 Smith Canyon,East Jose,PA,50201
10462,27581 Andrea Extension Apt. 202,North Amanda,PA,15294
10463,187 Teresa Creek Suite 320,Erichaven,CA,48792
10464,295 Laura Stream,Freemanborough,VT,68808
10465,015 Steven Island Suite 040,Hernandezville,MS,64455
10466,600 Christy Row,South Tina,TN,85377
10467,2171 Robinson Cape,Edwardstown,ME,90504
10468,576 Johnson Knolls,Latoyaport,AZ,87953
10469,782 Kirby Expressway,Stephenport,CT,32448
10470,1136 Hunt Motorway Apt. 099,West Katherineside,NJ,83373
10471,0544 Armstrong Knolls,North Marie,NM,56456
10472,73902 Johnny Hollow Apt. 771,Nathanview,TN,39476
10473,488 Mcdaniel Knoll,Angelicastad,MO,41693
10474,395 Bryan Knoll Apt. 991,Wallerview,MT,59471
10475,5814 Ann Dam Suite 183,Henryview,SC,53532
10476,144 Hall Manors Suite 902,East Jessicaville,NY,42244
10477,8146 Michelle Crossing Suite 021,Jonathonport,SC,96273
10478,3430 Martin Ville Suite 771,Lake Taylorside,LA,14139
10479,2955 Gallagher Ports,Johnside,KS,22537
10480,07360 Joel Stream Suite 915,East Andrew,SC,92669
10481,5211 Jonathan Hollow,Flemingside,IL,94690
10482,980 Kristen Throughway,Allenport,MP,32465
10483,960 Hill Canyon,North Calvinburgh,GU,66351
10484,54502 Kelly Ports Apt. 547,Joshuaborough,MN,77622
10485,3073 Mary Overpass Suite 778,Rachelchester,MN,63431
10486,12692 Davis Skyway Apt. 220,Alexanderhaven,PW,39429
10487,7675 Christopher Viaduct,Jameston,NH,47653
10488,08447 Sara Heights Suite 285,Sandovalland,SD,33982
10489,990 Clark River Suite 784,Sherryville,MN,86691
10490,5673 John Centers Suite 877,Longbury,MI,99535
10491,59361 Morris Tunnel Suite 801,Williamshire,IL,68212
10492,142 Jenkins Burg Apt. 519,New Codyview,MS,64209
10493,4221 May Ranch,Parkton,WV,25826
10494,9159 Drake Junctions Suite 714,Sanchezport,RI,45830
10495,7907 Christine Place Apt. 620,Snyderstad,ID,21468
10496,1013 Howell Coves,Phylliston,IA,32858
10497,906 Williams Brooks,Amandashire,VI,99418
10498,218 David Curve Apt. 861,South Brendatown,MI,56196
10499,70848 Andrew Junction,Caldwelltown,GA,92357
10500,98438 Susan Landing Apt. 971,Davisborough,KY,90689