CustomerID,AddressID,FirstName,LastName,EmailID,ContactNumber
20001,10001,Tracy,Hill,zclark@example.org,5959873353
20002,10002,Brittany,Hunt,brian36@example.org,9688372823
20003,10003,Tamara,Henry,kara36@example.com,7187250273
20004,10004,Travis,Manning,scottlambert@example.net,1431787282
20005,10005,Jessica,Edwards,patricia55@example.net,4368143509
20006,10006,Stephanie,Stephens,rhart@example.org,9318865183
20007,10007,Christopher,Jacobson,cookdustin@example.net,8366286216
20008,10008,Russell,Hernandez,mitchellknox@example.org,8697965285
20009,10009,Tammy,Blevins,howard87@example.net,1097686528
20010,10010,Andrew,Thomas,asoto@example.com,6560172028
20011,10011,Jason,Doyle,tlopez@example.net,1554085841
20012,10012,Mark,Brennan,kennethnguyen@example.com,2963926138
20013,10013,Susan,Hernandez,reneeray@example.org,2946499845
20014,10014,Kyle,Thompson,georgealvarado@example.com,1940893808
20015,10015,Angel,Ruiz,pauljohnson@example.com,2494676405
20016,10016,Raymond,Williams,zwhite@example.org,3573284415
20017,10017,Dylan,Buck,gabriellacampbell@example.com,1590827890
20018,10018,Audrey,Hooper,imorrison@example.com,5536814096
20019,10019,Candace,Farley,elizabeth84@example.net,8494499825
20020,10020,Lisa,Williams,oyoung@example.org,8898822320
20021,10021,Matthew,Moore,marcus33@example.net,5248415608
20022,10022,Charlene,Gonzalez,wcole@example.net,4817027082
20023,10023,Amber,Parker,kellymartinez@example.net,9279822481
20024,10024,James,Moore,chicks@example.net,4609903581
20025,10025,Gary,Fisher,abarker@example.net,7611770031
20026,10026,Jamie,Scott,abbottcheyenne@example.com,9303731247
20027,10027,Diane,Carrillo,elizabeth23@example.net,6796654171
20028,10028,Cynthia,Chapman,kimberlyrodriguez@example.net,1495356031
20029,10029,Teresa,Small,qgraves@example.net,5129374810
20030,10030,Michele,Ingram,jonesshaun@example.net,8861169825
20031,10031,Jason,Owens,vmarsh@example.net,6325033829
20032,10032,John,Becker,henrycharles@example.org,8220752450
20033,10033,Alexander,Rubio,kimberlystephens@example.org,3476314281
20034,10034,Rebecca,Wheeler,kellyjames@example.com,7559572361
20035,10035,Steven,Williams,wendyharris@example.net,2191525027
20036,10036,Zachary,Marshall,nancyhill@example.net,1446648904
20037,10037,Gina,Decker,edwardsmicheal@example.org,3529828944
20038,10038,Patrick,Ford,barbarajohnson@example.com,5673020150
20039,10039,Christopher,Chaney,chloe90@example.net,2784700338
20040,10040,Mackenzie,Brown,fletcherhector@example.com,8350774918
20041,10041,Paula,Myers,katrina44@example.org,3388337809
20042,10042,Christopher,Butler,alexisstevenson@example.net,8429312275
20043,10043,John,Holland,lynnrussell@example.org,5351437285
20044,10044,Anita,Olson,dominiquecarter@example.net,6334299506
20045,10045,Brad,Love,eallen@example.org,2556058083
20046,10046,Amanda,Mcdonald,amy45@example.org,8275518869
20047,10047,Jay,Little,laurensmith@example.net,4635231766
20048,10048,Jennifer,Lee,fphillips@example.net,1677814624
20049,10049,Janet,Pearson,sallen@example.com,3453329261
20050,10050,Tim,Rivera,sgraham@example.com,4017688505
20051,10051,Mary,Zhang,melindaboyle@example.com,2023607652
20052,10052,Laura,Wilson,wheeleralicia@example.org,7560048518
20053,10053,Patricia,Miller,fsmith@example.net,8381298212
20054,10054,Todd,Hendrix,davidcooke@example.org,5749745248
20055,10055,Ryan,Pierce,scottalex@example.org,4788139558
20056,10056,Thomas,Lynch,sarahclark@example.org,4420127606
20057,10057,Joseph,Robinson,waremichael@example.org,5116497366
20058,10058,Denise,Goodwin,diane06@example.com,6017339158
20059,10059,Victoria,Price,nicole03@example.org,1162018085
20060,10060,Caitlin,Best,pramsey@example.org,8906266076
20061,10061,Jeffrey,Washington,joseph91@example.com,2272530029
20062,10062,Yolanda,Smith,juanjohnson@example.com,1799171519
20063,10063,Sarah,Aguilar,mpierce@example.org,6600410208
20064,10064,Sheila,Ryan,pwhite@example.com,9392456207
20065,10065,Glenda,Forbes,taylorkristina@example.net,8148712526
20066,10066,Dawn,Frederick,ckline@example.org,3622687288
20067,10067,Katelyn,Stanton,nweber@example.com,4648269745
20068,10068,Trevor,Garcia,melissaporter@example.org,5479326141
20069,10069,Nicole,Massey,houstonedward@example.net,8591863144
20070,10070,Daniel,Bell,mvasquez@example.net,8737002368
20071,10071,Tonya,Stone,robertgaines@example.net,5679495446
20072,10072,Phillip,Burke,ydavis@example.net,9280251451
20073,10073,Katrina,Brown,jayconner@example.org,1322831234
20074,10074,Brandi,Hill,kimberly93@example.org,8370304208
20075,10075,Mark,Carpenter,cartermichael@example.net,1167507200
20076,10076,Richard,Evans,figueroadeborah@example.net,5863690950
20077,10077,Travis,Mcintyre,myersroger@example.com,3359311456
20078,10078,Andre,Perez,barbara00@example.org,3315680133
20079,10079,Robert,Hoffman,yjohnson@example.com,2987020784
20080,10080,Brandon,Hall,robertsrichard@example.org,7822242605
20081,10081,Caitlin,Hernandez,bradleyfloyd@example.com,2599665457
20082,10082,Thomas,Sandoval,flarson@example.net,2744504036
20083,10083,Joshua,Mcgee,dallison@example.org,1368285343
20084,10084,Michael,Hamilton,james47@example.com,8328342237
20085,10085,Katherine,Mcdonald,stephanie31@example.org,7657968648
20086,10086,Melvin,Medina,andreastevens@example.org,7066965004
20087,10087,Robert,Brown,kristina67@example.com,9659851641
20088,10088,Emily,Willis,garciaashley@example.com,8598691661
20089,10089,Melissa,Collins,guerrerochad@example.com,5364051689
20090,10090,John,Morgan,carriecampbell@example.com,8924718932
20091,10091,Melinda,Braun,opoole@example.org,9509184140
20092,10092,Matthew,Anderson,christopher74@example.com,3326917617
20093,10093,Anne,Velasquez,robert26@example.org,1925364070
20094,10094,Aaron,Collins,jeffreynelson@example.net,3518520485
20095,10095,Amanda,Johnson,bradleysamuel@example.com,9052982458
20096,10096,David,White,laurayoung@example.org,8678918951
20097,10097,Gloria,Crawford,theresagrant@example.net,3181262970
20098,10098,Aaron,Santos,micheal34@example.net,5408708639
20099,10099,Alexandra,Washington,simmonsheather@example.org,7660640380
20100,10100,Melanie,Pena,johnjackson@example.net,4179477738
20101,10101,Dawn,Smith,shelleyramirez@example.org,3823136455
20102,10102,Douglas,Edwards,helen56@example.org,1289025130
20103,10103,Mary,Short,michelle09@example.org,9387401662
20104,10104,Robert,Ross,johnathan47@example.com,9339417096
20105,10105,Glenn,Short,pamelasanchez@example.net,5732464921
20106,10106,Stacey,Banks,trancarl@example.org,6573211317
20107,10107,Derrick,Crawford,tara05@example.com,5789159545
20108,10108,Melissa,Gibson,pittsjill@example.com,1813498360
20109,10109,Daniel,Campbell,robinsondawn@example.net,1196211223
20110,10110,Morgan,Daugherty,xtownsend@example.net,5041850158
20111,10111,Carol,Torres,turnerjoshua@example.org,1136997599
20112,10112,Kathryn,Ramos,holmeslaura@example.net,8072254986
20113,10113,Robert,Carter,danielleking@example.com,2077818377
20114,10114,Alexander,Arnold,garrettjohnson@example.org,1084258436
20115,10115,Kathryn,Walls,jamiebrown@example.org,4504731270
20116,10116,Jeremy,Myers,amandaallen@example.net,9139973958
20117,10117,Theodore,Sweeney,walkerelizabeth@example.net,9613222779
20118,10118,Leslie,Yang,jacobwilliams@example.org,2356549686
20119,10119,Stacey,Davis,carl19@example.net,1946231231
20120,10120,Amy,Cooper,michaelbryant@example.org,7778822821
20121,10121,Clinton,Gray,aaroncobb@example.org,2127280552
20122,10122,Cathy,Hardy,adamsavage@example.net,7610038263
20123,10123,Christine,Mclaughlin,davidnorman@example.net,4401765790
20124,10124,Erin,Hunt,hawkinsrichard@example.org,4202988349
20125,10125,Jeffrey,Allen,bfox@example.org,1275269429
20126,10126,Kevin,Moore,kellysimmons@example.org,6537847655
20127,10127,Stacey,Diaz,ccampos@example.org,3987682936
20128,10128,Timothy,Medina,kennethgomez@example.net,5590988015
20129,10129,Cathy,Wilson,sarah72@example.org,1501535491
20130,10130,Jonathan,Williams,nspencer@example.com,1798613257
20131,10131,David,Whitehead,xfreeman@example.net,9108222968
20132,10132,Barbara,Yates,kevinanderson@example.org,4724471133
20133,10133,Julia,Adams,cooperdaniel@example.net,1134557740
20134,10134,Charlotte,Wright,nallen@example.com,1955705842
20135,10135,Bridget,Davis,kristy83@example.net,2805331418
20136,10136,Tracy,Hardy,montoyajames@example.com,3641208894
20137,10137,Dawn,Crawford,chernandez@example.net,2143096775
20138,10138,Jimmy,Hebert,melissamorris@example.org,5069980121
20139,10139,Kayla,Mack,brentmiddleton@example.net,2566898251
20140,10140,Jessica,Kim,brendawebb@example.com,9804622545
20141,10141,Jacqueline,Martin,connie07@example.org,3338313387
20142,10142,Sharon,Perez,annacarter@example.org,5361097115
20143,10143,Arthur,Fernandez,fmartinez@example.net,9395574357
20144,10144,John,Jones,victoriafisher@example.org,4014988966
20145,10145,Lisa,Perez,hmartin@example.com,3465603145
20146,10146,Chelsea,Cohen,alexander89@example.com,7377863243
20147,10147,Brittany,Matthews,michelle55@example.com,5870221790
20148,10148,Christopher,Ellis,xcarter@example.net,8149738204
20149,10149,Amber,Jackson,matthewweber@example.net,5038348324
20150,10150,Ashley,Stevens,edwardmcdaniel@example.org,5540172799
20151,10151,Scott,Love,katherinehughes@example.com,9814722542
20152,10152,Marie,Graves,pamelaleon@example.com,1194767274
20153,10153,Ashley,King,wellis@example.com,3695818615
20154,10154,Shelly,Baker,zschaefer@example.com,6999955277
20155,10155,Dana,Wolf,bgreen@example.net,6209076304
20156,10156,Scott,Robinson,marvin87@example.org,2110436638
20157,10157,Joshua,Summers,samuelgillespie@example.net,7677397936
20158,10158,Lindsey,Savage,mwade@example.org,2680203409
20159,10159,Daniel,Green,tiffanyfrench@example.com,7873971343
20160,10160,Jennifer,Thomas,robinsonandrew@example.net,8987292421
20161,10161,Erik,Wolfe,kdavis@example.net,2020469228
20162,10162,Christina,Jones,kellermichael@example.net,5420676078
20163,10163,David,Franco,lyonsandrea@example.com,1399453496
20164,10164,Joseph,Ray,stephanie69@example.net,8762268101
20165,10165,Ryan,Dixon,karensherman@example.org,8618783609
20166,10166,Amy,Long,dale24@example.net,3866226151
20167,10167,Dorothy,Decker,eharvey@example.com,2462574598
20168,10168,Regina,Stevens,sarahvalencia@example.net,2933834681
20169,10169,Jennifer,Smith,roywright@example.net,7706089337
20170,10170,Terry,Dillon,josephcampbell@example.net,6692004999
20171,10171,Andrea,Black,brian72@example.net,6580848066
20172,10172,Dana,Saunders,kathleen23@example.net,3638296028
20173,10173,Zachary,Medina,anthony75@example.org,6046319888
20174,10174,Michael,Rodriguez,khall@example.org,5029174652
20175,10175,Ronald,Ferguson,danielbarton@example.net,3914704173
20176,10176,Victoria,Jones,andersonsusan@example.org,7603817415
20177,10177,Michelle,Alexander,contrerasashley@example.net,8250857253
20178,10178,Jessica,Rivera,zacharyroberts@example.com,2083661600
20179,10179,Patrick,Summers,osmith@example.com,1707825922
20180,10180,Kristen,Jackson,matthewwalton@example.com,8100139754
20181,10181,Nathaniel,Sullivan,vberry@example.com,9811650039
20182,10182,Elizabeth,Hayes,pnicholson@example.net,3884852574
20183,10183,Michael,Stephens,carterjohn@example.com,8217873058
20184,10184,William,Lewis,michellecalhoun@example.org,4209537250
20185,10185,Gail,Ellis,davilaandrew@example.com,3358236649
20186,10186,Heather,Torres,reesechad@example.org,5105941518
20187,10187,Joshua,Miller,john01@example.com,4247998399
20188,10188,Shawn,Lewis,thomasbrown@example.org,8714376110
20189,10189,Krystal,Liu,banksdawn@example.org,3733494307
20190,10190,Steven,Brown,madelineshaw@example.org,1220353403
20191,10191,Erin,Nelson,william41@example.org,3643209113
20192,10192,John,Kerr,deborah19@example.org,4028430786
20193,10193,Willie,Oliver,gonzalezrobert@example.com,9284322045
20194,10194,Becky,Watson,chavezdarlene@example.com,8072461508
20195,10195,Megan,Bush,pamela49@example.net,4173653311
20196,10196,Joshua,Hall,jeffrey85@example.com,7998296063
20197,10197,Linda,Atkins,jennifer40@example.net,6109058753
20198,10198,Robert,Garcia,victoria93@example.net,4762603574
20199,10199,Stephanie,Clark,ashley51@example.com,3649871656
20200,10200,Kimberly,Nelson,katiedixon@example.net,2803434797
20201,10201,Amy,Robinson,gibsonbrandy@example.com,6534609440
20202,10202,Amber,Rowe,johnsmith@example.net,8638026904
20203,10203,Erica,Caldwell,travishinton@example.org,5448297660
20204,10204,Michael,Stewart,david27@example.net,3151424092
20205,10205,Katherine,Reed,thomaspeterson@example.org,8476318543
20206,10206,Andrew,Patrick,larry94@example.net,7829672212
20207,10207,Roger,Castillo,cassandrathomas@example.net,8747521605
20208,10208,Michael,Travis,woodrandall@example.com,5027421617
20209,10209,Vicki,Anderson,boydjulie@example.org,9916225593
20210,10210,Andrew,Rodriguez,charles30@example.com,7297195726
20211,10211,Michael,Kennedy,wkelly@example.org,7532755005
20212,10212,Ana,Smith,monica84@example.com,8602648238
20213,10213,Robert,Bryan,kyle34@example.com,1096319357
20214,10214,Elizabeth,Ramirez,vwillis@example.net,5258559767
20215,10215,Christine,Reed,kennethfox@example.org,2988694390
20216,10216,Sabrina,Johnson,ajimenez@example.net,9991453932
20217,10217,Jesse,Gray,yschultz@example.net,4251546273
20218,10218,Kathy,Johnson,watkinsmartin@example.net,4108372095
20219,10219,Adriana,Smith,ashley42@example.com,9942007653
20220,10220,Mary,Horton,scottharmon@example.net,4279520909
20221,10221,Sean,Walker,andrewsrobert@example.com,1615992707
20222,10222,Mary,Kelley,nolankathleen@example.org,4963895644
20223,10223,Shelley,Bennett,valerie47@example.net,1045614213
20224,10224,Steven,Johnson,villarrealkayla@example.net,3261750878
20225,10225,Lisa,Braun,richardvelasquez@example.com,7095783950
20226,10226,Caitlin,Mccullough,jessicajones@example.net,9135440895
20227,10227,Yolanda,Franco,lindsey85@example.com,4237006559
20228,10228,Karen,Cox,ryan02@example.org,8797471543
20229,10229,Melissa,Williams,thorntoneugene@example.com,3993252500
20230,10230,Samuel,Benitez,odomcolin@example.org,5185801543
20231,10231,Andre,Daugherty,james48@example.net,7184261586
20232,10232,Gregory,Chandler,nnavarro@example.net,1998979421
20233,10233,Courtney,Chavez,xperez@example.net,1126418388
20234,10234,John,Stanley,vburgess@example.org,8740512333
20235,10235,Eric,Hunt,bennettjonathan@example.org,8524006691
20236,10236,Austin,Nguyen,schmidtsusan@example.org,2671488599
20237,10237,Christine,Archer,rodriguezshannon@example.net,7740626146
20238,10238,Helen,Delacruz,lrodriguez@example.com,2628907674
20239,10239,Juan,Hall,michael46@example.net,7698589702
20240,10240,Nathan,Hodges,jorge24@example.org,4788991635
20241,10241,Bethany,Weaver,richardsoncory@example.net,4738644566
20242,10242,Blake,Hinton,danielsalexis@example.com,6888869083
20243,10243,Joshua,Warner,yolanda73@example.com,1952852488
20244,10244,Scott,Pena,gnoble@example.net,8379297003
20245,10245,Samantha,Rios,john28@example.org,5900084618
20246,10246,Sarah,Bennett,aarondorsey@example.org,2924151277
20247,10247,James,Wise,pwest@example.net,1974526581
20248,10248,Matthew,Watkins,nancy80@example.net,2382721416
20249,10249,Justin,Gutierrez,christopher57@example.com,4795600329
20250,10250,Jacob,Baker,tara51@example.net,6470478596
20251,10251,Sean,Meyers,reesemegan@example.org,3559717354
20252,10252,Jamie,Snyder,dawnanderson@example.com,9294919224
20253,10253,Lisa,Strickland,josemeza@example.net,8713066212
20254,10254,Patricia,Gibson,johnnybrown@example.org,9848107503
20255,10255,Kent,Haney,tracymoore@example.net,9700126451
20256,10256,Robert,Shah,cbaker@example.com,9789764021
20257,10257,Tyler,Ward,kristacarter@example.com,4372755499
20258,10258,Jason,Alexander,morenodeborah@example.net,3274905667
20259,10259,Adam,Martinez,robinsontyler@example.com,8787056288
20260,10260,Jamie,Curry,jacksonmegan@example.net,9405188288
20261,10261,Megan,Robinson,englishchristina@example.com,4784181972
20262,10262,Anthony,Johnson,wmorris@example.com,2060638471
20263,10263,Kimberly,Hicks,vmontgomery@example.org,9270220489
20264,10264,Christine,Bowman,jamesowens@example.com,5564442084
20265,10265,Chad,Moore,ericmartin@example.org,1457437586
20266,10266,Zachary,Kline,kathryn54@example.org,7175933017
20267,10267,Rhonda,Sutton,williamschristine@example.com,1291534933
20268,10268,Jennifer,Elliott,james59@example.net,4687558460
20269,10269,Karen,Johnson,sheastephanie@example.org,4460841133
20270,10270,Glenn,Moore,jenkinsmichael@example.net,1842143312
20271,10271,Lisa,Rowe,jasonjones@example.com,1109348450
20272,10272,Martin,Evans,andreahampton@example.com,9145933757
20273,10273,Mary,Collins,jhunter@example.org,6428051281
20274,10274,David,Phillips,lori47@example.org,4228597667
20275,10275,Shelia,Russo,amanda40@example.org,4472739720
20276,10276,Steven,Waller,wendycordova@example.com,6797936709
20277,10277,Bobby,Castro,smassey@example.net,5301573181
20278,10278,Kaitlin,Hart,jeffreywood@example.net,1123768929
20279,10279,Brian,Henderson,katherineliu@example.org,8089829921
20280,10280,John,Mccarty,ecardenas@example.net,4937175443
20281,10281,Jason,Callahan,mirandaswanson@example.org,3572834080
20282,10282,Morgan,Jackson,mccarthycody@example.org,5670168540
20283,10283,Lee,Morgan,jessicarichardson@example.com,7820360566
20284,10284,Eric,Hernandez,wilsonshannon@example.net,9527793191
20285,10285,Jason,Shaw,ronaldsmith@example.com,5325744514
20286,10286,Jason,Campbell,courtneymccoy@example.org,2218013533
20287,10287,Jonathan,Brown,jmontgomery@example.com,3801864258
20288,10288,Timothy,Webb,gmedina@example.org,5968869636
20289,10289,Sara,Garza,jackie64@example.org,1038448636
20290,10290,Michael,Harris,ohernandez@example.net,8528865415
20291,10291,Barry,Rogers,ypeterson@example.net,3064604982
20292,10292,Kiara,Smith,jason15@example.net,4248500870
20293,10293,Jamie,Foster,contrerasbrian@example.net,3084532295
20294,10294,Tammy,Vega,stacysanchez@example.net,6215241652
20295,10295,Monique,Ramirez,clarkheather@example.org,9804535619
20296,10296,Stephen,Malone,leevincent@example.org,1023729293
20297,10297,Andrew,Collins,mlamb@example.net,3733271753
20298,10298,Karen,Smith,stephenyoung@example.org,5825448856
20299,10299,Thomas,Grant,ruben62@example.net,9875155039
20300,10300,Alexa,Rhodes,diana29@example.net,9522363229
20301,10301,Kimberly,Boyd,wrightstephanie@example.org,1041774154
20302,10302,Alex,Martinez,bridgesbrenda@example.org,7123129037
20303,10303,Alexander,Hodges,tommy09@example.org,4489968339
20304,10304,Julie,Best,fishertiffany@example.org,9642721563
20305,10305,Joseph,Edwards,leslie97@example.org,1046963859
20306,10306,Patrick,Parker,tracy78@example.org,4389111737
20307,10307,Cameron,Riley,carlsondylan@example.org,7691256235
20308,10308,Richard,Vazquez,ibrown@example.org,5165582415
20309,10309,Anthony,Calderon,garrettvanessa@example.net,4979689835
20310,10310,Stephanie,Lee,smithrebecca@example.org,8332383279
20311,10311,Maria,Mason,owilliams@example.com,1665216888
20312,10312,Rebecca,Willis,victoria46@example.com,1772642220
20313,10313,Cassandra,Smith,kevinchristensen@example.com,7058191048
20314,10314,Lisa,Taylor,xhernandez@example.net,1693400981
20315,10315,Julie,Newton,loricannon@example.com,4005865285
20316,10316,Jodi,Smith,usmith@example.net,1932331451
20317,10317,Steven,Sandoval,kennethterry@example.com,9514173991
20318,10318,Anne,Williams,martinashley@example.net,4138253602
20319,10319,Dillon,Collins,meganjordan@example.net,2341127104
20320,10320,Lee,Clark,ritterjames@example.com,3826368579
20321,10321,Daniel,Yang,donaldsondenise@example.org,4914319103
20322,10322,Pamela,Gibson,shepparddavid@example.net,3875600311
20323,10323,Adam,Bond,benjamin91@example.net,6476814767
20324,10324,Erin,Buck,veronicadavis@example.org,7085082059
20325,10325,Kim,Mosley,medinarebecca@example.com,6932476964
20326,10326,Jessica,Jordan,shannonmartin@example.com,5179891194
20327,10327,Christopher,Wong,dawnmartin@example.com,5754980293
20328,10328,Andrew,Griffith,barberamy@example.com,2495740130
20329,10329,Kaylee,Murphy,nicole18@example.org,7906092034
20330,10330,Brandon,Coleman,bairdcynthia@example.org,2063114632
20331,10331,Richard,Hays,jpierce@example.org,6341060657
20332,10332,Gabriel,Carr,goldencharles@example.net,4570234521
20333,10333,Brianna,Morse,zcrane@example.org,4822150950
20334,10334,William,Wilson,chankristen@example.org,6835098149
20335,10335,Maurice,Mcdaniel,robert21@example.com,5577327701
20336,10336,Molly,Mclean,anthony17@example.org,5727216203
20337,10337,Joshua,Jones,pmichael@example.org,5958597552
20338,10338,Daniel,Moore,georgedaniels@example.net,6925132315
20339,10339,Melinda,Richardson,tiffany72@example.org,1936159743
20340,10340,Elizabeth,Sexton,jennifer81@example.com,1261568632
20341,10341,Paul,Young,fmcgee@example.org,5520107631
20342,10342,Mark,Allen,schaeferjames@example.org,4019545868
20343,10343,Crystal,Bradford,kjames@example.com,5023017056
20344,10344,Mary,White,nicoleanderson@example.org,5423766830
20345,10345,Fernando,Robertson,wrightjamie@example.org,5671798123
20346,10346,Dana,Collins,diazdaniel@example.org,3337266503
20347,10347,Michael,Smith,brooke95@example.com,4429914200
20348,10348,Ariana,Wagner,allisonmiller@example.com,3460604461
20349,10349,James,Berger,austin74@example.com,7878516257
20350,10350,William,Lee,floresalison@example.net,3538264402
20351,10351,Tiffany,Alvarez,ericwu@example.net,4889936153
20352,10352,Shane,Welch,stacey59@example.net,6201816623
20353,10353,Miguel,Preston,davisbrenda@example.net,1605845721
20354,10354,Holly,Mcconnell,dallen@example.net,4553368416
20355,10355,Susan,Butler,davisgrace@example.net,7685826446
20356,10356,Paul,Washington,calvintaylor@example.com,7867405609
20357,10357,Timothy,Dorsey,jenkinskevin@example.org,5796945600
20358,10358,Ryan,Johnson,chensarah@example.com,8118593187
20359,10359,Nicole,Brown,gillerica@example.com,8958268964
20360,10360,Linda,Baker,hamiltonbarbara@example.net,7494174775
20361,10361,Barbara,Wilson,fitzgeraldderrick@example.com,2841492113
20362,10362,Beth,Washington,davidmarquez@example.org,2048525544
20363,10363,James,Kaiser,nicolesmith@example.com,8129904601
20364,10364,Jaime,Lamb,mbrowning@example.org,3263410245
20365,10365,Jason,Young,myersronald@example.net,4065701746
20366,10366,Kaitlyn,Mendoza,jlevine@example.net,1259514899
20367,10367,Steven,Sanchez,fosterpatrick@example.org,2161065191
20368,10368,Michael,Wood,emiller@example.net,2202142430
20369,10369,Billy,Caldwell,isantana@example.com,8904042826
20370,10370,Deborah,Hodges,yperez@example.org,1553848848
20371,10371,Carrie,Gonzalez,daniel08@example.org,8690124243
20372,10372,Angela,Vaughn,nicholashunt@example.com,7019157792
20373,10373,Jerry,Glass,vbrown@example.org,9124508720
20374,10374,James,Price,wgriffin@example.net,8774137858
20375,10375,Kaitlyn,Lang,cturner@example.com,2253208222
20376,10376,Lisa,Hall,alexander40@example.com,2837049145
20377,10377,Ricky,Brown,wilsonangela@example.org,5382042156
20378,10378,Brian,Smith,williamvasquez@example.net,6858132053
20379,10379,Christopher,Hopkins,walternewton@example.org,7184356132
20380,10380,Jennifer,Parker,timothy27@example.com,7218634373
20381,10381,Kimberly,Allen,jmurphy@example.net,9252333228
20382,10382,Marie,Brown,dylan67@example.com,7249248004
20383,10383,Jennifer,Torres,anthony27@example.org,8656744116
20384,10384,Brittany,Williams,fosterrobert@example.com,6065091247
20385,10385,Richard,Sanford,millerjorge@example.net,4195305790
20386,10386,Thomas,Vazquez,roy67@example.com,3238220701
20387,10387,Margaret,Young,mcgeetheresa@example.org,3745187178
20388,10388,Jessica,Williams,cpeters@example.org,3140046268
20389,10389,Phillip,Jacobs,jillrobles@example.net,3021352719
20390,10390,Kimberly,Jensen,lowejustin@example.net,4070332852
20391,10391,Jose,Edwards,xsmith@example.org,6565356238
20392,10392,David,Bishop,robert48@example.net,6579321901
20393,10393,Andrea,Lewis,harrellmary@example.com,7799896993
20394,10394,Michael,Jackson,andrew21@example.com,6502230664
20395,10395,Sheri,Weiss,watsonchelsey@example.com,6809441335
20396,10396,Melinda,Gonzalez,lambertshawn@example.org,4082644235
20397,10397,Sarah,Prince,mmorgan@example.net,3479455406
20398,10398,William,Gonzales,garciadiana@example.org,7049529206
20399,10399,Kelsey,Fuller,lisalowery@example.net,9925936473
20400,10400,Roger,King,fleonard@example.com,9037975783
20401,10401,Cindy,George,maurice64@example.net,8184361335
20402,10402,Stacey,Hoffman,smorales@example.com,2192170764
20403,10403,James,Rios,smiller@example.org,5774161445
20404,10404,James,Smith,thompsoncharles@example.net,2247817409
20405,10405,Ashley,Walton,franklinerin@example.com,6583470984
20406,10406,Mark,Miller,wshepherd@example.org,9862610910
20407,10407,Rebecca,Potter,seth76@example.com,1786809998
20408,10408,Brent,Anderson,christopher05@example.org,1327569322
20409,10409,Justin,Russell,mchristian@example.net,4863803536
20410,10410,David,Walker,sarahpowell@example.org,9913366854
20411,10411,Willie,Crosby,owright@example.com,8607748077
20412,10412,Sarah,Erickson,wlopez@example.com,6104259162
20413,10413,Eric,Schwartz,cheyenneparker@example.org,2257890362
20414,10414,Jasmine,Smith,megan31@example.net,9813331559
20415,10415,Stephanie,Long,aandrews@example.org,2998838459
20416,10416,James,Cervantes,timothy60@example.net,9444522059
20417,10417,John,Rogers,benjaminconrad@example.com,3503127025
20418,10418,Karen,Vargas,bonillajose@example.org,2828813001
20419,10419,Robert,Freeman,mary18@example.org,5370895838
20420,10420,Joshua,Williams,zacharyhayes@example.com,6264851256
20421,10421,Joel,Miller,rsmith@example.com,3562324057
20422,10422,Dustin,Hahn,ljenkins@example.org,9652138518
20423,10423,Karen,Mccarthy,mcphersonandrew@example.org,1305619425
20424,10424,Rebecca,Waller,heidi84@example.org,1736966117
20425,10425,Harry,Noble,zvelazquez@example.net,1804991951
20426,10426,James,Kirk,angelaayers@example.org,8829397880
20427,10427,April,Henry,allisonlittle@example.org,4502903996
20428,10428,Charles,Davis,lyonsstephen@example.net,1976377459
20429,10429,Rebecca,Deleon,ohall@example.net,2354311849
20430,10430,Tonya,Wright,bonnieramsey@example.org,9652804636
20431,10431,Brittany,Buchanan,martinsusan@example.net,7024098819
20432,10432,Rhonda,Cox,amyhopkins@example.net,5720823257
20433,10433,Allen,Keith,wendy82@example.com,5464412515
20434,10434,Catherine,Allen,ian78@example.org,9727222515
20435,10435,Christopher,Long,hcook@example.com,9940211506
20436,10436,Margaret,Williams,lward@example.com,7921611441
20437,10437,Robin,Cunningham,ashley49@example.com,2411985300
20438,10438,Jesse,Martin,jacqueline40@example.net,3499345876
20439,10439,Abigail,Chan,renee03@example.org,4647008457
20440,10440,Amy,Sullivan,adam97@example.net,7756191465
20441,10441,Robert,Boyd,michael23@example.org,9750427473
20442,10442,Amanda,Cooper,tthomas@example.net,7394923063
20443,10443,Jamie,Curtis,hardytammy@example.net,8091230480
20444,10444,Leah,Smith,steven54@example.org,1107756978
20445,10445,Dwayne,Wilson,brandyrice@example.com,3551613385
20446,10446,Bobby,Hall,uwalker@example.com,5843764755
20447,10447,Adrienne,Clark,griffinstephanie@example.net,8702995983
20448,10448,Ashley,Moore,tammy33@example.com,6048211158
20449,10449,Brianna,Butler,matthew51@example.org,4550490511
20450,10450,Bruce,Lee,ynelson@example.net,4667126399
20451,10451,Susan,Henderson,osims@example.com,5169222071
20452,10452,Karen,Doyle,jennifer19@example.com,8963487180
20453,10453,Brooke,Fuller,anthonywilliams@example.com,9758149388
20454,10454,Beverly,Turner,victoriaevans@example.org,6468901979
20455,10455,Andrea,Morris,nicholas47@example.net,4204707353
20456,10456,Rick,Hebert,timothy72@example.com,1290327862
20457,10457,Kayla,Young,nancy14@example.com,9395849967
20458,10458,Mary,Williams,asalas@example.org,2213310741
20459,10459,Danielle,Cox,vickieperez@example.com,4671731454
20460,10460,Matthew,Bentley,kevin34@example.net,1212834428
20461,10461,Taylor,Stevenson,pattersonsarah@example.org,1683424306
20462,10462,Kathleen,Wolfe,brian75@example.org,7972278571
20463,10463,Joan,Potter,jasonscott@example.org,7540986475
20464,10464,Daniel,Fox,rvance@example.net,8434642311
20465,10465,Emily,Chavez,stephanie98@example.net,6423277316
20466,10466,Michael,Gross,ehanson@example.com,1135175262
20467,10467,Michael,Livingston,jon74@example.net,8294864222
20468,10468,Pamela,Graves,leesmith@example.org,8060557587
20469,10469,Cheryl,Walsh,patrick17@example.net,7041533595
20470,10470,Ashley,Preston,april72@example.net,9004986038
20471,10471,Matthew,Gutierrez,kaylaboyd@example.net,4655861931
20472,10472,Mercedes,Barton,daniel43@example.com,3110653757
20473,10473,Theresa,Nelson,jhill@example.com,1220439223
20474,10474,Andre,Taylor,vfoster@example.org,3456010847
20475,10475,Mary,Patterson,bushjoshua@example.org,5498517187
20476,10476,William,Harris,langbrenda@example.net,7373100016
20477,10477,Brad,Sanchez,fmorales@example.net,5344914372
20478,10478,Tiffany,Wagner,robertadams@example.com,2337785118
20479,10479,Chris,David,adkinswalter@example.net,5013397434
20480,10480,Martha,Stuart,kathrynmcdonald@example.org,3263521357
20481,10481,Michelle,Sullivan,alexis64@example.com,1184947038
20482,10482,Cindy,Hines,riverasheri@example.net,4641157298
20483,10483,Timothy,Pineda,cathy52@example.com,4042473677
20484,10484,Carmen,Brennan,ryan32@example.org,9379167194
20485,10485,Brianna,Schmidt,stephanieharris@example.org,3765519845
20486,10486,Samantha,Long,nancy02@example.net,8125361774
20487,10487,Jerome,Larson,tbrady@example.org,9076716775
20488,10488,Zachary,Webb,rileyeugene@example.com,7232531907
20489,10489,Angel,Holder,smithkyle@example.com,9842165392
20490,10490,Jaime,Thompson,joannakim@example.org,1040884102
20491,10491,Barbara,Edwards,ccummings@example.org,2924124847
20492,10492,William,Brown,heather79@example.net,2432736847
20493,10493,Albert,Espinoza,rodriguezlori@example.org,8114601727
20494,10494,Kevin,Perry,holtjames@example.net,8403814679
20495,10495,Sarah,Allen,xperez@example.net,2229215690
20496,10496,Sharon,Gonzales,clementschad@example.org,8284356954
20497,10497,Tiffany,Summers,jessica71@example.org,3784348681
20498,10498,Nicole,Davis,alexandrarocha@example.com,1691028663
20499,10499,Natasha,Conner,kconway@example.org,5401111993
20500,10500,Joshua,Scott,lonnie27@example.com,9778130509