DeliveryPersonID,FirstName,LastName,Email_ID,ContactNumber
11101,Mark,Lopez,bradymichael@example.org,9111111111
11102,Crystal,Chung,kendrarodriguez@example.org,9111111112
11103,Shirley,Maldonado,changmaria@example.com,9111111113
11104,Robert,Stafford,brownterry@example.org,9111111114
11105,Allison,Davis,ahill@example.com,9111111115
11106,Tammy,Casey,etran@example.org,9111111116
11107,Rodney,Carlson,meyertravis@example.org,9111111117
11108,Tyler,Aguilar,youngkimberly@example.com,9111111118
11109,Derek,Johnson,howellmichael@example.net,9111111119
11110,Christopher,Robbins,scottsuzanne@example.com,9111111120
11111,Jesse,Herman,bruce96@example.org,9111111121
11112,Michael,Kennedy,hray@example.net,9111111122
11113,Marisa,Thompson,novaktamara@example.net,9111111123
11114,Ashley,Williams,websterdiana@example.com,9111111124
11115,Abigail,Baker,deborahwebb@example.net,9111111125
11116,Morgan,Osborn,petersonnicole@example.org,9111111126
11117,Michael,James,jayphillips@example.com,9111111127
11118,Joshua,Medina,amy06@example.com,9111111128
11119,Seth,Wilson,wadejoshua@example.com,9111111129
11120,Patrick,Jacobs,johnsongeorge@example.net,9111111130
11121,Gabriel,White,wdonovan@example.org,9111111131
11122,Bryan,Nelson,jamesanthony@example.com,9111111132
11123,Kelly,Garcia,ashley28@example.org,9111111133
11124,James,Cantu,kelseymorales@example.com,9111111134
11125,Joseph,Ford,toddzachary@example.org,9111111135
11126,Mark,Hampton,milleranna@example.com,9111111136
11127,Brian,Fletcher,whiteeric@example.com,9111111137
11128,Scott,Williams,joshuareed@example.com,9111111138
11129,Brian,Graham,rebekah24@example.net,9111111139
11130,Shelly,Saunders,debbieharrison@example.org,9111111140
11131,Daniel,Jones,jessica10@example.org,9111111141
11132,William,Padilla,claire20@example.net,9111111142
11133,Tammy,Cook,samanthameyer@example.org,9111111143
11134,Gary,Thompson,anthonylogan@example.net,9111111144
11135,Ian,Ritter,dunnpatricia@example.com,9111111145
11136,Christopher,Pitts,howardlaura@example.org,9111111146
11137,Sarah,Wagner,qtran@example.net,9111111147
11138,Abigail,Perez,schristensen@example.org,9111111148
11139,John,Johnson,tapiaclaire@example.org,9111111149
11140,Joe,Snyder,megan06@example.com,9111111150
11141,Ryan,Wilkins,kevincarey@example.net,9111111151
11142,Jesse,Garcia,sweeneywilliam@example.com,9111111152
11143,Ashley,Davis,ryan69@example.com,9111111153
11144,Tina,Jones,jameselizabeth@example.org,9111111154
11145,Tammy,Erickson,knoxjonathan@example.com,9111111155
11146,Troy,Chavez,connerronnie@example.org,9111111156
11147,Christopher,Lewis,deborah02@example.org,9111111157
11148,Johnathan,Johnson,phillip88@example.net,9111111158
11149,Jason,Macdonald,cohenbrandon@example.com,9111111159
11150,Noah,Nelson,bnorris@example.net,9111111160
11151,Nicole,Harvey,tyler87@example.com,9111111161
11152,Jaime,Ware,awhite@example.com,9111111162
11153,Tammy,Weber,scott88@example.net,9111111163
11154,Wesley,Curry,thomasreed@example.org,9111111164
11155,Karla,Ford,kayla93@example.org,9111111165
11156,Anthony,Morris,justinweaver@example.net,9111111166
11157,Ann,Whitney,hdavis@example.net,9111111167
11158,Colleen,Owens,jeanettepeterson@example.org,9111111168
11159,Sherry,Romero,melissamitchell@example.net,9111111169
11160,John,Fisher,michaeljones@example.org,9111111170
11161,Amber,Schneider,michelle90@example.org,9111111171
11162,Michael,Mcknight,amanda35@example.net,9111111172
11163,Lori,Atkinson,ngallegos@example.com,9111111173
11164,Randy,Thompson,blakeroberts@example.net,9111111174
11165,Bryan,Perkins,jburch@example.org,9111111175
11166,Albert,Adams,iwyatt@example.org,9111111176
11167,Mariah,Edwards,john26@example.org,9111111177
11168,David,Garcia,edwardsanthony@example.net,9111111178
11169,Kayla,Burgess,keithsharon@example.net,9111111179
11170,Craig,Williams,johnlloyd@example.net,9111111180
11171,Jennifer,Baker,daniel90@example.net,9111111181
11172,John,Morris,otodd@example.org,9111111182
11173,Ernest,Morris,laurabutler@example.com,9111111183
11174,Hayden,Jefferson,fowlerwilliam@example.org,9111111184
11175,David,Bailey,paulmiller@example.com,9111111185
11176,Bruce,Hernandez,ymorrow@example.net,9111111186
11177,Mindy,Valdez,ejackson@example.com,9111111187
11178,Deborah,Arnold,ghopkins@example.com,9111111188
11179,Stephen,Martinez,robert39@example.org,9111111189
11180,Cheryl,Ruiz,markpadilla@example.net,9111111190
11181,Brandon,Hickman,jennifer93@example.net,9111111191
11182,Scott,Jennings,stewartgabriella@example.net,9111111192
11183,Kayla,Bell,orussell@example.org,9111111193
11184,Amber,Cruz,fharris@example.net,9111111194
11185,Jeffrey,Tran,james47@example.org,9111111195
11186,Caitlin,Lambert,jonesandrea@example.net,9111111196
11187,Richard,Gilbert,joyce80@example.org,9111111197
11188,Tara,Olson,higginseileen@example.org,9111111198
11189,Nathan,Contreras,breanna45@example.org,9111111199
11190,Anthony,Moore,kyliekelly@example.com,9111111200
11191,Dawn,Wiggins,bruce71@example.org,9111111201
11192,Rhonda,Torres,taylorrivera@example.net,9111111202
11193,Jared,Gray,barbarabaker@example.org,9111111203
11194,Jason,Mccullough,adennis@example.com,9111111204
11195,Joseph,Murphy,jmalone@example.com,9111111205
11196,Erica,Burke,stephenswayne@example.net,9111111206
11197,Stanley,Atkins,megan07@example.com,9111111207
11198,Kevin,Cortez,lisadowns@example.org,9111111208
11199,Susan,Porter,enovak@example.com,9111111209
11200,James,Perkins,jeffreygreen@example.net,9111111210
11201,Michael,Howard,alexanderjoshua@example.com,9111111211
11202,Nicholas,Khan,michelleyoung@example.com,9111111212
11203,Mary,Hill,kaylajohnson@example.com,9111111213
11204,Stephanie,Bradley,pdominguez@example.org,9111111214
11205,Travis,Zamora,robertsrachel@example.com,9111111215
11206,Andrew,Simmons,lori46@example.com,9111111216
11207,Cheryl,Lee,beth50@example.org,9111111217
11208,Anne,Sanchez,danny23@example.net,9111111218
11209,Melissa,Bender,gmorales@example.org,9111111219
11210,Lisa,Jenkins,kathrynwalker@example.net,9111111220
11211,Brittney,Freeman,jenniferbrown@example.net,9111111221
11212,Shannon,Mueller,kwilson@example.com,9111111222
11213,John,Small,brownmichael@example.org,9111111223
11214,Brooke,Martinez,jhill@example.net,9111111224
11215,Kristen,Walker,salinasmichelle@example.org,9111111225
11216,Angel,Romero,kharvey@example.net,9111111226
11217,Steven,Arnold,marc28@example.net,9111111227
11218,William,Hancock,xgarcia@example.org,9111111228
11219,Brad,Weeks,scottarroyo@example.net,9111111229
11220,Randall,Martinez,johnnysmith@example.net,9111111230
11221,Crystal,Arnold,nchung@example.net,9111111231
11222,Andrea,Roman,michelleparker@example.com,9111111232
11223,Tyler,Green,lbarnes@example.com,9111111233
11224,Melinda,Brock,william63@example.net,9111111234
11225,Robert,Mueller,mullenstephen@example.com,9111111235
11226,Natalie,Willis,cochrandavid@example.org,9111111236
11227,Joseph,Diaz,stacycarpenter@example.com,9111111237
11228,Eric,Johnson,davisnoah@example.com,9111111238
11229,Jessica,Martin,jillsmith@example.org,9111111239
11230,Jessica,Stewart,alyssafuller@example.com,9111111240
11231,Sandra,Sharp,brandon17@example.org,9111111241
11232,Olivia,Vasquez,garrett01@example.com,9111111242
11233,Mark,Clarke,george58@example.org,9111111243
11234,Samuel,Lee,angelagraves@example.org,9111111244
11235,Deborah,Bowman,xstuart@example.com,9111111245
11236,Jessica,Castillo,dawn51@example.com,9111111246
11237,Kenneth,Thompson,hodgesamy@example.org,9111111247
11238,Stephen,Sanders,lisachavez@example.com,9111111248
11239,Lisa,Stuart,sandra90@example.com,9111111249
11240,Timothy,Thompson,joseph42@example.org,9111111250
11241,Melinda,Neal,daviddominguez@example.org,9111111251
11242,Samuel,Griffin,antonio85@example.org,9111111252
11243,Sabrina,Ali,larrycortez@example.com,9111111253
11244,Ray,Mendez,saraflowers@example.com,9111111254
11245,Michael,Shelton,kristiyoder@example.com,9111111255
11246,Tracey,Moore,loganjeffery@example.net,9111111256
11247,Gilbert,Clark,morenokathryn@example.com,9111111257
11248,Tabitha,Harvey,pattersonmichelle@example.net,9111111258
11249,Kim,Woodard,kristiwilliams@example.net,9111111259
11250,Ralph,Smith,fbest@example.org,9111111260
11251,Nicholas,Arnold,jonathanbrown@example.com,9111111261
11252,Lori,Kidd,daniel23@example.org,9111111262
11253,Maria,Allison,qsawyer@example.com,9111111263
11254,Noah,Mays,matthew48@example.net,9111111264
11255,Mary,Torres,dennismoore@example.com,9111111265
11256,Shirley,Bradley,montoyarickey@example.com,9111111266
11257,Michael,Pena,shannondavis@example.net,9111111267
11258,John,Larsen,jennasanchez@example.com,9111111268
11259,Michael,Cook,shannongutierrez@example.com,9111111269
11260,James,Valdez,zhall@example.org,9111111270
11261,Jeremy,Norman,brandon31@example.net,9111111271
11262,Jose,Smith,shelley36@example.org,9111111272
11263,Mary,Gross,suzanne49@example.net,9111111273
11264,Derrick,Harris,amandabonilla@example.net,9111111274
11265,John,Jones,bkelley@example.net,9111111275
11266,Megan,Barnes,jennabutler@example.org,9111111276
11267,Richard,Buckley,isalas@example.com,9111111277
11268,Veronica,Santana,charlesdonald@example.net,9111111278
11269,Brandi,Shaw,reginawright@example.net,9111111279
11270,Brian,Avery,twhite@example.net,9111111280
11271,Barbara,Willis,smithamanda@example.org,9111111281
11272,Julie,Cunningham,garrett77@example.com,9111111282
11273,Samuel,Murphy,patriciaflores@example.net,9111111283
11274,Katherine,Ford,james32@example.net,9111111284
11275,Kristine,Fischer,flam@example.org,9111111285
11276,Caroline,Carter,amanning@example.net,9111111286
11277,Joshua,Moore,ewingchristopher@example.org,9111111287
11278,Patrick,Jones,clifford69@example.net,9111111288
11279,Colleen,Hayes,ipatel@example.org,9111111289
11280,Sarah,Diaz,sheltonjoel@example.com,9111111290
11281,Robert,Alvarez,qwalters@example.net,9111111291
11282,Amanda,Kerr,prestonamy@example.net,9111111292
11283,Thomas,Austin,utodd@example.org,9111111293
11284,Andrew,Edwards,nancyhill@example.com,9111111294
11285,Maria,Palmer,corymcdowell@example.org,9111111295
11286,Dawn,Cuevas,ronaldscott@example.com,9111111296
11287,Jessica,Chapman,mariewang@example.com,9111111297
11288,Cameron,Baldwin,jonesalbert@example.net,9111111298
11289,Jenny,Russell,donaldcastillo@example.org,9111111299
11290,Michelle,Thomas,karen54@example.com,9111111300
11291,Lisa,Molina,carl67@example.org,9111111301
11292,Matthew,Kirk,darrengarza@example.net,9111111302
11293,John,Huffman,watkinskristen@example.net,9111111303
11294,Walter,Santiago,lauren02@example.net,9111111304
11295,Patrick,White,anna29@example.net,9111111305
11296,Jennifer,Wright,phillipsalyssa@example.com,9111111306
11297,Kimberly,Baxter,jgray@example.org,9111111307
11298,Jennifer,Hayes,willislauren@example.com,9111111308
11299,John,Taylor,thompsonemily@example.org,9111111309
11300,Scott,Cohen,lisa46@example.com,9111111310
11301,Christopher,Barber,rlee@example.org,9111111311
11302,Jessica,Curtis,qmcdowell@example.org,9111111312
11303,Todd,Faulkner,robinberry@example.com,9111111313
11304,Elizabeth,Martin,david44@example.com,9111111314
11305,Derek,Simpson,nathaniel10@example.org,9111111315
11306,Rose,Lee,christopherdrake@example.com,9111111316
11307,Frederick,Paul,ageorge@example.net,9111111317
11308,Sarah,Torres,wphillips@example.com,9111111318
11309,Leon,Herrera,parsonshenry@example.org,9111111319
11310,Steven,Harris,thompsondavid@example.net,9111111320
11311,Kelly,Williams,amandabailey@example.com,9111111321
11312,Ashley,Copeland,newtonmichelle@example.com,9111111322
11313,Cynthia,Rowland,spencerrobert@example.net,9111111323
11314,Shannon,Davis,kathleenhansen@example.org,9111111324
11315,Eric,Tucker,hooperbianca@example.net,9111111325
11316,Andre,Levy,andrewlong@example.com,9111111326
11317,Marie,Stein,sarahflores@example.org,9111111327
11318,Jeffrey,Moody,gregorysmith@example.com,9111111328
11319,Kimberly,Washington,gbailey@example.com,9111111329
11320,Nicole,Crawford,kingmarilyn@example.net,9111111330
11321,Allison,Chavez,kevinhebert@example.com,9111111331
11322,Michelle,Barajas,bergerkelly@example.com,9111111332
11323,William,Stevens,shannonbutler@example.net,9111111333
11324,Nicholas,Grant,tylerrodriguez@example.org,9111111334
11325,Brandon,Hill,rosskeith@example.net,9111111335
11326,Kristen,Ford,jessicastafford@example.net,9111111336
11327,Barbara,Davis,gandersen@example.com,9111111337
11328,Gregory,Robinson,lijennifer@example.org,9111111338
11329,Cynthia,Rojas,aguilarjoseph@example.org,9111111339
11330,Brian,Watson,vnewton@example.net,9111111340
11331,Cody,Medina,christiankaylee@example.net,9111111341
11332,Richard,Meza,ucabrera@example.org,9111111342
11333,Ronald,Cook,leedawn@example.com,9111111343
11334,Peter,Keith,montgomerydavid@example.com,9111111344
11335,Eric,Snyder,markhart@example.net,9111111345
11336,Jennifer,Richards,alicia56@example.org,9111111346
11337,Michael,Miller,ericsimmons@example.org,9111111347
11338,Tom,Edwards,arianajones@example.com,9111111348
11339,Eric,Snyder,klinealexis@example.com,9111111349
11340,Karen,Smith,kaitlyngreen@example.com,9111111350
11341,Sarah,Robinson,williamschristina@example.net,9111111351
11342,Lynn,Stanley,fcrawford@example.com,9111111352
11343,Vincent,Nguyen,montgomeryjacob@example.org,9111111353
11344,Cory,Cherry,kristin65@example.com,9111111354
11345,Molly,Bryant,jeremygreen@example.net,9111111355
11346,Daniel,Mills,haleykim@example.com,9111111356
11347,Regina,Yang,smithtodd@example.org,9111111357
11348,Derek,Moore,hjenkins@example.com,9111111358
11349,Craig,Choi,andrewsmith@example.org,9111111359
11350,Anthony,Robertson,harrisedward@example.net,9111111360
11351,Marcus,Dunlap,amandasmith@example.net,9111111361
11352,Dennis,Graham,vincentsimmons@example.org,9111111362
11353,Kimberly,Stewart,christianfox@example.com,9111111363
11354,Jeffrey,Stevens,rodriguezkatrina@example.net,9111111364
11355,Heather,Hogan,johnsonbrandon@example.net,9111111365
11356,Emily,Steele,laurarice@example.net,9111111366
11357,James,Gonzales,turnernicholas@example.net,9111111367
11358,Jason,Robinson,haleymichelle@example.net,9111111368
11359,Jennifer,May,ruizdenise@example.net,9111111369
11360,Matthew,Herrera,apierce@example.com,9111111370
11361,Daniel,Vargas,christian86@example.org,9111111371
11362,Brian,Humphrey,millerjohn@example.org,9111111372
11363,Meghan,Reid,samantharodriguez@example.org,9111111373
11364,Bradley,Smith,eric62@example.net,9111111374
11365,Lisa,Davis,melissa36@example.org,9111111375
11366,Alison,Hodges,mark68@example.net,9111111376
11367,Jeffrey,West,mccartycassandra@example.com,9111111377
11368,Chelsea,Hall,mossbriana@example.org,9111111378
11369,Richard,Smith,grimessarah@example.com,9111111379
11370,Melissa,Hammond,dacosta@example.net,9111111380
11371,Jennifer,Perez,adamschase@example.org,9111111381
11372,Gail,Cobb,qharvey@example.net,9111111382
11373,Kristi,Herrera,cynthialowe@example.net,9111111383
11374,Angela,Vazquez,kayla06@example.com,9111111384
11375,Stephanie,Nelson,znash@example.org,9111111385
11376,Shawna,Young,katrinahaney@example.net,9111111386
11377,Jennifer,Walker,hoganchristy@example.com,9111111387
11378,Jamie,Rosario,sarah48@example.com,9111111388
11379,Jennifer,Hart,sblevins@example.net,9111111389
11380,Kathryn,Medina,alejandra43@example.com,9111111390
11381,Rachel,Higgins,davidbuckley@example.com,9111111391
11382,John,Kerr,michael55@example.org,9111111392
11383,Alex,Gonzalez,michaelanderson@example.net,9111111393
11384,Nancy,Lee,daltonpamela@example.net,9111111394
11385,Rebekah,Cruz,cindyscott@example.org,9111111395
11386,Omar,Davis,darrell27@example.com,9111111396
11387,Katherine,Wright,brooke08@example.com,9111111397
11388,Angelica,Rogers,erika18@example.net,9111111398
11389,Tyler,Hughes,lutzrobert@example.net,9111111399
11390,Sara,Thomas,pmorris@example.org,9111111400
11391,Kevin,Clayton,phillipslisa@example.com,9111111401
11392,Barbara,Sloan,nelsonheather@example.org,9111111402
11393,Maria,Tyler,murphynicole@example.net,9111111403
11394,Daniel,Mills,robert70@example.org,9111111404
11395,Chase,Curtis,sanchezkristen@example.org,9111111405
11396,Jacqueline,Stone,samuelmartinez@example.net,9111111406
11397,Nancy,Harris,hendersonkenneth@example.org,9111111407
11398,Jessica,Evans,freese@example.com,9111111408
11399,Holly,Sharp,donnareid@example.net,9111111409
11400,Mary,Frey,miranda13@example.org,9111111410
11401,Margaret,Davis,mcguiremichael@example.com,9111111411
11402,Deborah,Davis,leejoshua@example.com,9111111412
11403,Justin,Jennings,laurenreyes@example.com,9111111413
11404,Michelle,Wolf,burnsmichelle@example.com,9111111414
11405,Mary,Lee,mary35@example.com,9111111415
11406,John,Watson,pamelareynolds@example.net,9111111416
11407,Joshua,Murphy,andrew77@example.net,9111111417
11408,Tara,Wilson,herreramonique@example.com,9111111418
11409,Tyler,Allen,tammy98@example.com,9111111419
11410,Heather,Olson,ewilliams@example.org,9111111420
11411,Monica,Reed,ydennis@example.net,9111111421
11412,Johnathan,Warren,goodmanjoseph@example.net,9111111422
11413,George,Hernandez,susan59@example.com,9111111423
11414,Alex,Fields,hwilcox@example.net,9111111424
11415,Christopher,Freeman,carolyn35@example.net,9111111425
11416,Taylor,Jacobs,oortega@example.net,9111111426
11417,Latoya,Suarez,vbrown@example.org,9111111427
11418,Samantha,Jones,scott55@example.com,9111111428
11419,Marcia,Lee,ashleyjackson@example.com,9111111429
11420,Victoria,Johnston,jacqueline45@example.com,9111111430
11421,Margaret,Reyes,rmartin@example.org,9111111431
11422,David,Taylor,stevenrobinson@example.org,9111111432
11423,Nicole,Roberts,brandon62@example.com,9111111433
11424,Alexander,Jones,ariasjoan@example.org,9111111434
11425,Scott,Lewis,jaysosa@example.org,9111111435
11426,Ralph,Clark,craig01@example.com,9111111436
11427,Tiffany,Hutchinson,xgonzalez@example.com,9111111437
11428,Angela,Turner,suzanneedwards@example.org,9111111438
11429,Dawn,Maldonado,csmith@example.org,9111111439
11430,Jennifer,Miller,ubeck@example.net,9111111440
11431,Cathy,Hurst,qdavis@example.org,9111111441
11432,Jeffrey,Cline,aharris@example.org,9111111442
11433,Matthew,Bolton,petersenalexis@example.com,9111111443
11434,Mark,Garza,brittanybrooks@example.com,9111111444
11435,Heather,Stevenson,leslie97@example.net,9111111445
11436,Ricardo,Lewis,shernandez@example.org,9111111446
11437,Kevin,Davis,smithjennifer@example.org,9111111447
11438,Cheryl,Martinez,bassscott@example.org,9111111448
11439,Gary,Nelson,ashleylopez@example.net,9111111449
11440,Jonathan,Jones,vquinn@example.org,9111111450
11441,Joseph,Sexton,glopez@example.org,9111111451
11442,Anthony,Thornton,carlsonmatthew@example.com,9111111452
11443,Deborah,Davis,nwilson@example.org,9111111453
11444,Elizabeth,Russell,rosswillie@example.net,9111111454
11445,Janice,Rose,summersmarcus@example.com,9111111455
11446,Brenda,Miller,jeremiah69@example.org,9111111456
11447,Melissa,Miller,afischer@example.com,9111111457
11448,Stacey,Matthews,brianroth@example.org,9111111458
11449,Sarah,Nunez,wellssharon@example.net,9111111459
11450,Heather,Edwards,amanda98@example.net,9111111460
11451,John,Carter,kathyramirez@example.net,9111111461
11452,Vickie,Miller,katherine83@example.net,9111111462
11453,Anthony,Martin,woodardscott@example.org,9111111463
11454,David,Reynolds,kochbryan@example.net,9111111464
11455,Rebecca,Brennan,janice65@example.org,9111111465
11456,Joshua,Bowen,wardtimothy@example.net,9111111466
11457,Katherine,Shea,tlandry@example.org,9111111467
11458,Amy,Summers,nicole46@example.com,9111111468
11459,Eileen,Smith,mharmon@example.org,9111111469
11460,Christine,Hernandez,chelsea45@example.org,9111111470
11461,Rita,Alvarado,espinozadavid@example.com,9111111471
11462,Ryan,George,edavis@example.net,9111111472
11463,Sydney,Henry,jake41@example.com,9111111473
11464,Alexandra,Mitchell,gainesjeremy@example.org,9111111474
11465,Monica,Stevens,chapmanvictor@example.com,9111111475
11466,Martin,Greene,kaylapowers@example.org,9111111476
11467,Pamela,Mcdonald,melodypalmer@example.org,9111111477
11468,Veronica,Keith,brianna66@example.com,9111111478
11469,Eric,Johnson,jeffmorales@example.net,9111111479
11470,Robert,Taylor,jamiechambers@example.org,9111111480
11471,Kathy,Noble,bennettshirley@example.com,9111111481
11472,Anne,Taylor,jessica19@example.net,9111111482
11473,Bryan,Wright,reneelane@example.org,9111111483
11474,Miranda,Clark,kimkline@example.net,9111111484
11475,Patrick,Brown,zsandoval@example.net,9111111485
11476,Jeremy,Garrett,zfisher@example.org,9111111486
11477,Dalton,Brown,jacksonbryan@example.com,9111111487
11478,Todd,Charles,julie22@example.org,9111111488
11479,Cheyenne,Robinson,ballardmichael@example.com,9111111489
11480,Ryan,Parsons,floresjames@example.com,9111111490
11481,Jorge,Cameron,alvarezmitchell@example.org,9111111491
11482,Laura,Anderson,hannahmurray@example.net,9111111492
11483,Eric,Oneal,samueljohnson@example.net,9111111493
11484,Charles,Santos,sandra02@example.com,9111111494
11485,Dawn,Thomas,jamesjones@example.net,9111111495
11486,Crystal,Pennington,yjohnston@example.net,9111111496
11487,Christopher,Richardson,williamsfrances@example.net,9111111497
11488,Emily,Baird,oramirez@example.net,9111111498
11489,Wayne,Fischer,michaelpeterson@example.com,9111111499
11490,Pamela,Griffin,martinezchristopher@example.org,9111111500
11491,Dawn,Kent,walkerlaurie@example.net,9111111501
11492,James,Roberts,poolejerry@example.com,9111111502
11493,Kelly,Fisher,brian05@example.org,9111111503
11494,Autumn,Clark,franklinjason@example.org,9111111504
11495,Kyle,Vasquez,mitchellharold@example.net,9111111505
11496,Amanda,Jackson,allison33@example.net,9111111506
11497,Brad,Sanchez,alexander64@example.net,9111111507
11498,Diana,Benson,freemandavid@example.com,9111111508
11499,Kurt,Quinn,astewart@example.org,9111111509
11500,Cindy,Allen,wrightgeorge@example.net,9111111510
11501,Heidi,Thomas,crystal79@example.com,9111111511
11502,William,Martinez,rick25@example.com,9111111512
11503,Laura,Coleman,wmorrison@example.org,9111111513
11504,Darryl,Smith,jennifer73@example.net,9111111514
11505,Michelle,Phillips,smithjavier@example.net,9111111515
11506,Vickie,Roberts,meaganhart@example.com,9111111516
11507,Isabel,Anderson,cole46@example.net,9111111517
11508,Wendy,Rios,rfrazier@example.org,9111111518
11509,Stephanie,Green,donna77@example.com,9111111519
11510,Chelsea,Nixon,davisangel@example.org,9111111520
11511,Sonia,Raymond,courtneyboone@example.org,9111111521
11512,Amanda,Simpson,ashley74@example.org,9111111522
11513,Maria,Johnston,phillipbest@example.com,9111111523
11514,Sara,Freeman,jamesbaker@example.com,9111111524
11515,Patrick,White,vclayton@example.com,9111111525
11516,Derrick,Baker,ewingcurtis@example.net,9111111526
11517,Penny,Colon,pmoss@example.net,9111111527
11518,Jennifer,Pierce,kevin11@example.org,9111111528
11519,Carlos,Logan,lbrooks@example.com,9111111529
11520,Pamela,Bush,wilsonallison@example.net,9111111530
11521,Cheryl,Craig,taylorshelley@example.net,9111111531
11522,Teresa,Brown,eric06@example.org,9111111532
11523,Charles,Alvarez,smithjoshua@example.org,9111111533
11524,Patrick,Estrada,ysmith@example.org,9111111534
11525,Kevin,Reid,ashley13@example.net,9111111535
11526,Suzanne,Wilkerson,chines@example.net,9111111536
11527,George,Barry,cannonnichole@example.net,9111111537
11528,Eric,Gonzalez,matthew45@example.net,9111111538
11529,David,Gonzalez,ycampbell@example.org,9111111539
11530,Joanne,Castillo,amandaking@example.com,9111111540
11531,Brandon,Jackson,mmcclure@example.org,9111111541
11532,Lisa,Jenkins,christie40@example.net,9111111542
11533,Susan,Gonzalez,twells@example.net,9111111543
11534,Bethany,Bennett,raymond03@example.net,9111111544
11535,Susan,Miller,kylie94@example.com,9111111545
11536,Marc,Dyer,higginsbobby@example.com,9111111546
11537,Kim,Fritz,ibell@example.net,9111111547
11538,Michelle,Contreras,samantha11@example.org,9111111548
11539,Michelle,Sherman,barbara63@example.org,9111111549
11540,Robert,Morgan,moragina@example.org,9111111550
11541,Kathleen,Rivers,riveraalicia@example.org,9111111551
11542,Amy,Evans,farnold@example.net,9111111552
11543,Kyle,Carlson,jjohnson@example.org,9111111553
11544,Tara,Bennett,joshuarodriguez@example.com,9111111554
11545,Samantha,Vang,sharon74@example.net,9111111555
11546,Michelle,Stone,wmitchell@example.net,9111111556
11547,Carol,Spears,richardrobinson@example.com,9111111557
11548,Emily,Serrano,bsalinas@example.org,9111111558
11549,Stephanie,Duncan,christopher75@example.org,9111111559
11550,Amber,Jones,guerrajamie@example.org,9111111560
11551,James,Gonzalez,cjimenez@example.org,9111111561
11552,Jessica,Blackwell,garyzimmerman@example.com,9111111562
11553,Michele,White,danny84@example.com,9111111563
11554,Shawn,Hart,garciajessica@example.com,9111111564
11555,Jordan,Barajas,bowmanmia@example.com,9111111565
11556,Jennifer,Robinson,melissa76@example.org,9111111566
11557,Rebecca,Nichols,johnsonkathryn@example.com,9111111567
11558,Stacy,Molina,heather77@example.net,9111111568
11559,Michael,Guzman,andrewskathryn@example.org,9111111569
11560,Brandon,Griffin,sophia34@example.net,9111111570
11561,Ricky,Paul,marcussmith@example.org,9111111571
11562,Jennifer,Davis,marcmiller@example.org,9111111572
11563,Robert,Ryan,wconley@example.net,9111111573
11564,Dustin,Kramer,amy67@example.com,9111111574
11565,Sean,Sanchez,gpittman@example.net,9111111575
11566,Michael,Davis,martinezkevin@example.org,9111111576
11567,Kimberly,Reid,vsnyder@example.net,9111111577
11568,Leslie,Williams,heatherharrison@example.org,9111111578
11569,Lori,Smith,erinhill@example.net,9111111579
11570,Megan,Johnson,rodgerswilliam@example.com,9111111580
11571,Christopher,Stanton,stephenbaker@example.net,9111111581
11572,Darrell,Thompson,moraleslaura@example.com,9111111582
11573,Robert,Davis,coxgreg@example.org,9111111583
11574,Hayley,Martinez,corywright@example.net,9111111584
11575,Rachel,Baker,pscott@example.com,9111111585
11576,Linda,Heath,jane04@example.net,9111111586
11577,Christopher,Hardy,navarrorobert@example.com,9111111587
11578,April,Wade,ilowe@example.org,9111111588
11579,Gina,Rodriguez,natasha21@example.org,9111111589
11580,Brandi,Mitchell,pramos@example.com,9111111590
11581,Benjamin,Carroll,nhopkins@example.com,9111111591
11582,Amy,Oneal,andrewstevenson@example.net,9111111592
11583,Timothy,Merritt,sramsey@example.com,9111111593
11584,Daniel,Joseph,hoffmanjoshua@example.net,9111111594
11585,Robert,Quinn,rwagner@example.org,9111111595
11586,Thomas,Edwards,anne25@example.net,9111111596
11587,Amanda,Perkins,morrisontracie@example.com,9111111597
11588,Brett,Walker,wadekyle@example.com,9111111598
11589,Jessica,Reilly,matthew90@example.net,9111111599
11590,Sabrina,Murphy,gonzalezwalter@example.org,9111111600
11591,Daniel,Carroll,randy86@example.com,9111111601
11592,Ashley,White,rodney11@example.net,9111111602
11593,Gregory,Ramos,jamespollard@example.net,9111111603
11594,Luis,Summers,adamssara@example.net,9111111604
11595,Gail,Livingston,joseph99@example.net,9111111605
11596,Laura,Morgan,stephenhartman@example.com,9111111606
11597,Emily,Olson,gregory58@example.com,9111111607
11598,Elizabeth,Mercado,julia74@example.net,9111111608
11599,Tonya,Dixon,rachelharris@example.org,9111111609
11600,Richard,Barton,ashleyfry@example.net,9111111610