RestaurantID,RestaurantName,RestaurantStreet,RestaurantCity,RestaurantState,RestaurantZipCode,RestaurantEmailId,RestaurantContactNumber
30001,Simon-Hogan Restaurant,8772 James Neck,West Kathyton,KS,76784,duncanterry@simon.biz,1911062966
30002,"Atkinson, Barrett and Johnson Restaurant",495 Matthew Freeway,Port Carolynton,ID,32476,patrick71@stevenson.com,1872547017
30003,Johnson and Sons Restaurant,247 Laura Pike Apt. 746,West Bobbymouth,PW,15287,jacqueline12@dodson.com,8310632535
30004,"Frost, Berry and Lee Restaurant",7127 Bryan Tunnel,Port Melissaport,WY,70609,colemanabigail@graham.net,2237195728
30005,Myers-Boone Restaurant,5636 Justin Drive Suite 714,Josephmouth,WY,75531,johnsonjuan@jones-moyer.com,6493540097
30006,"Moran, Campbell and Harris Restaurant",444 Hammond Motorway,Jamesfort,ME,14474,harperjack@smith.info,3292233339
30007,Hawkins-Brown Restaurant,046 Diaz Drives,Lake Daniel,MD,19703,ann54@solis-mitchell.com,9205731481
30008,"Moore, Wyatt and Davenport Restaurant",24649 Weber Island Apt. 473,Tonyshire,CO,39086,john59@cannon.info,2115030000
30009,Hardy-Swanson Restaurant,82826 Charles Bridge Suite 360,Ashleytown,AL,63776,webbaustin@marshall.com,4256303171
30010,"May, Garcia and Sullivan Restaurant",6038 Elizabeth Village Apt. 456,Lake Andrewmouth,VI,57112,emmachurch@hensley-vega.net,2321893307
30011,Vaughn Ltd Restaurant,248 Reyes Mills Apt. 619,South Michelle,TN,71069,clarkrobert@hall.org,7470301353
30012,Anderson-Douglas Restaurant,568 Jennifer Locks,Roberttown,KY,75892,rhonda19@bray.com,3719557125
30013,"Mcdonald, Harding and Ray Restaurant",85992 Justin Village Apt. 806,Cooleybury,CA,14505,taylorjuan@wilcox.org,8239116699
30014,Anderson-Davis Restaurant,71670 Tamara Flat Suite 513,Jasonhaven,ID,93581,bryanbell@webster-perez.com,2695117625
30015,"Williams, Montes and Olson Restaurant",22518 Olsen Avenue Apt. 574,Port Patrickfort,VT,16231,iwillis@zimmerman.com,3640132146
30016,Zamora Group Restaurant,53573 Hernandez Tunnel Suite 842,East Kimberly,WY,16287,cooperangela@vega-leonard.com,9160028471
30017,Martinez-Bruce Restaurant,8030 Bridges Village Suite 763,Lake Timothy,VI,65649,ilopez@haney.net,9765113107
30018,"Thompson, Yoder and Ward Restaurant",90697 Franklin Extensions,Matthewbury,GU,72295,cohenpatricia@salazar-hale.com,6363274813
30019,Higgins Inc Restaurant,482 Patrick Prairie Apt. 325,Kellyton,ND,71574,tcole@smith-glass.net,2412512487
30020,"Morales, Thompson and Taylor Restaurant",6935 Rebecca Bypass Suite 025,Kristashire,NC,39281,ldouglas@cannon.com,4199586078
30021,"Gibbs, Silva and Sandoval Restaurant",533 Wright Mews Apt. 899,Port Tylerberg,GU,26390,xhenry@colon.org,8357082342
30022,Beck-Sampson Restaurant,64765 King Common,East Kimberlychester,DE,98792,fitzpatricksarah@mclean.com,1672090627
30023,"Jordan, Gonzalez and Dixon Restaurant",40023 Stephen Ferry Apt. 323,Turnershire,IL,77880,trevor54@miller.com,8130818472
30024,Roy-Wilson Restaurant,6809 Ellis Pass Suite 660,East Jorge,AR,30844,sarahmyers@bradley.com,9924895303
30025,"Flores, Smith and Hughes Restaurant",65462 Brian Manor Apt. 230,Lake Kaylashire,WI,49832,samuel78@garcia.org,4491431610
30026,Jones-Campbell Restaurant,43562 Renee Mews,Josephshire,MD,65298,amyellison@hardy.com,4879325755
30027,"King, Thornton and Cordova Restaurant",35959 Amanda Landing,West Brian,VT,92429,jamestrujillo@smith.com,1149533617
30028,"Green, Wilson and Oneill Restaurant",9900 Susan Common Suite 062,Sanchezhaven,VA,69517,shawn02@jarvis.biz,7445450869
30029,Marshall Inc Restaurant,7139 Cynthia Via Suite 564,Jimenezfort,MH,47434,wendy42@christian.biz,8625262692
30030,"Howell, Frank and Hayes Restaurant",07432 Hanna Heights,Matthewside,MS,10630,mdonaldson@duke-sanchez.com,9552607784
30031,Jones PLC Restaurant,7543 Coleman Circle,Lake Ronaldville,PR,66552,kpeterson@woods.com,9937051769
30032,"Collier, Strickland and Clark Restaurant",221 Logan Brook,North Ashleyton,NY,43633,pbailey@garcia.info,4654913549
30033,Brown-Stone Restaurant,1653 Cody Mountain Suite 277,Port Andrewberg,NJ,97191,brandon29@rojas-smith.com,5826209688
30034,Schmidt PLC Restaurant,7905 Deborah Route,Keyburgh,NJ,41972,tyrone38@monroe-strong.com,9212070443
30035,Preston-Michael Restaurant,933 Paula Station,Port Ronaldburgh,MI,28241,marybrown@tucker-andrews.com,6607236531
30036,Alexander Ltd Restaurant,577 Jack Causeway,East Michelechester,ID,59700,njohnson@moore.org,4859638348
30037,Hurley Group Restaurant,125 Stephanie Mall Suite 698,Howellton,WV,34371,bryantadrienne@gill.com,3857909269
30038,Erickson PLC Restaurant,372 Palmer Glen Apt. 581,Lake Mikayla,TN,69657,colemananthony@haas-noble.net,2272304527
30039,Garcia Ltd Restaurant,4335 Debra Cove,North Kennethborough,WY,83278,valerie42@stone.com,5093108312
30040,"Perez, Campbell and Stout Restaurant",602 Cameron Groves Suite 369,New Joshuastad,UT,80582,brownsara@terry.com,3144154410
30041,Larson-Miller Restaurant,11443 Gordon Manor,Lake Bryan,GU,30923,michelle44@moore.biz,8866611715
30042,Cooke Group Restaurant,3094 Smith Flat,Combsburgh,AK,12297,wilsonclifford@wright.net,3678528271
30043,"Burnett, Smith and Khan Restaurant",6477 Parker Loaf,Jaredshire,FM,76213,pinedamichele@hartman.com,6105095804
30044,Conrad Group Restaurant,820 Camacho Rapid,Garciamouth,TN,74011,heather98@ward-jimenez.biz,7690769084
30045,Reyes PLC Restaurant,758 Stephen Rapids Apt. 080,Lindseyborough,HI,23349,colemanrobert@dawson.org,9800517177
30046,Cabrera PLC Restaurant,3062 Johnson Drive,Loganmouth,ME,51827,petergomez@lara-williamson.com,3907231227
30047,"Morris, Bishop and Williams Restaurant",102 Conley Rue Suite 832,Schneiderborough,IL,58800,snelson@lam.com,5821848505
30048,Lane PLC Restaurant,376 Christopher Ville,Nicholsonmouth,NJ,36508,justin13@hardin.com,2475582335
30049,Lee LLC Restaurant,107 Gerald Ways Apt. 483,South Kimhaven,CO,31882,xking@sawyer.com,2975120612
30050,"Jones, Thomas and Bailey Restaurant",1041 Rachel Ports Suite 176,Daniellestad,NY,33882,williamsheather@craig.net,9221499622
30051,Morgan Group Restaurant,691 Randy Inlet,Jefferyton,NV,75656,mwilkinson@hall.com,9072109734
30052,"Riley, Wade and Gardner Restaurant",408 Barnett Spurs,Lake Lee,GA,27505,normawarren@bowman.info,6978617843
30053,Morales PLC Restaurant,47890 Kim Passage Apt. 368,East Leslieton,DC,59944,steven65@thomas.net,3648836547
30054,Terry Group Restaurant,1054 Rangel Roads Suite 113,North Justin,UT,66120,danielburch@jenkins.biz,3904725653
30055,"Nguyen, Mcdaniel and White Restaurant",088 Denise Port,Sandrafort,CT,76444,hmorse@ho.com,7980203943
30056,Peterson-Williams Restaurant,394 Karen Junctions Suite 809,Rosefort,WI,44045,danaparker@davis-craig.com,8026012987
30057,"Williams, White and Medina Restaurant",7062 Kimberly Stream,New Bryce,MS,78754,powellmadison@kelley.com,6275208387
30058,"Jones, Ryan and Mason Restaurant",0648 Combs Falls,East Nicholas,OH,74165,john64@hernandez.com,1689536262
30059,"Molina, Taylor and Ramos Restaurant",3854 Caldwell Wells Suite 049,Lake Katherine,CA,39304,kennethrichardson@jennings-moore.com,2526115282
30060,"Taylor, Lang and Morgan Restaurant",53912 Webster Vista,Brucechester,NE,52704,imurphy@cortez-pearson.net,4313448576
30061,Mcintosh-Alvarez Restaurant,43289 Joanne Forest,Robinsonville,ND,18968,wjones@meyer-conner.info,3866306033
30062,Roth-Drake Restaurant,72475 Matthew Drives,East Brian,KY,36595,jose15@cox-cox.com,3231187301
30063,Hill Inc Restaurant,52005 Donald Squares,North Matthew,DE,39986,kimberly79@davidson-ramirez.com,8246924618
30064,Ford LLC Restaurant,00059 Evelyn Prairie,Hodgeborough,MT,55009,corey23@malone.net,2768191853
30065,Contreras Inc Restaurant,721 Torres Road Apt. 521,Ruthtown,NY,78121,crodriguez@sparks.com,1905712357
30066,"Bowen, Page and Palmer Restaurant",761 Sanders Dale,Jeffreyview,VA,88913,john35@thomas.com,6136804829
30067,Franklin Inc Restaurant,75671 Brown Crossing Suite 630,Lake Michaelstad,NC,69115,davidbrown@ritter.biz,4512779576
30068,Harris-Padilla Restaurant,0358 Andrew Lodge Suite 512,South Ryanhaven,NE,95035,ernestrussell@fry.net,1749530224
30069,"Miller, Bond and Sims Restaurant",73857 Douglas Stravenue Suite 129,Combsborough,NV,99574,crusso@baker-nelson.com,5857345021
30070,Taylor and Sons Restaurant,9382 Herrera Lakes,East Steventown,KS,64818,marykirk@richardson.info,4836239812
30071,"Bass, Luna and Atkinson Restaurant",540 Nina Extensions,Lake Anthonyview,WY,23357,michael09@moore.com,9619423325
30072,"Davis, Stewart and Aguilar Restaurant",7302 English Crossroad,South Gregorychester,HI,94703,matthew98@hill-williams.biz,1381207963
30073,"Freeman, Montes and Hughes Restaurant",7059 Eaton Vista Suite 449,Port Nathan,WI,83011,jmoore@simpson.info,3877308904
30074,Owen Group Restaurant,514 Alexis Glen,Mooreport,CT,53637,estradaamanda@smith.biz,8943575886
30075,"Soto, Obrien and Sharp Restaurant",2833 Katie Tunnel Suite 129,Lindastad,NH,52664,natasha44@fitzgerald.biz,5095248272
30076,"Cherry, Ross and Byrd Restaurant",81487 Davis Estates,North Danielletown,MN,17996,pcampbell@garrett-mueller.org,3916189558
30077,Schneider-Brown Restaurant,445 Jasmin Stravenue Apt. 193,New Dwayne,CA,64008,dawn39@anderson-wagner.com,6956893835
30078,"Wilson, Castro and Yang Restaurant",23658 Pittman Mews,Port Josephberg,HI,78433,yolandabrown@coleman.com,6811853685
30079,Schmidt and Sons Restaurant,9988 Lee Neck Suite 861,Michaelshire,RI,12411,sdavis@santiago-benton.com,4677282953
30080,Nixon Inc Restaurant,6171 Kristina View Apt. 497,Waltonchester,NM,20495,gileslauren@rogers.com,4088928678
30081,"Stewart, Hendricks and Campbell Restaurant",6716 Lane Manors,Port Justin,VA,32356,chenheather@greene.com,3649696764
30082,Lewis-Smith Restaurant,666 Stephen Ports Apt. 808,South Karafurt,GU,74969,sandra05@garcia-collins.com,9047398598
30083,"Lewis, Green and Payne Restaurant",43768 Marshall Mountain,North Christopher,MS,47388,cjohnson@phillips-anderson.org,3578579639
30084,Butler LLC Restaurant,35703 Beasley Knoll,Dixonland,DC,90137,kevinfletcher@miller.com,1130770627
30085,Blankenship-Dillon Restaurant,948 Tina Mountains Suite 845,Port Amberview,AR,43855,rogersvanessa@stone.com,2322253576
30086,Henry Ltd Restaurant,8127 Brown Circle,Karenland,CO,46858,stephaniesmith@flores.com,7845818693
30087,Curry and Sons Restaurant,032 Omar Parks,New Davidshire,FL,52646,langchristopher@huang.com,8392666643
30088,Lopez Group Restaurant,8580 Henderson Stream,Port Daleshire,VT,46341,calebarnold@campbell-lee.net,8229414986
30089,West-Rangel Restaurant,805 James Tunnel,Jeremyshire,ND,24062,soniaanderson@salazar-vaughn.com,1257520738
30090,Gross PLC Restaurant,3683 Alex Track Apt. 295,North Jennifer,DC,94079,jolsen@johnson-castro.biz,2935406476
30091,"Glenn, Gibson and Lin Restaurant",145 Robbins Tunnel Suite 025,West Sherriburgh,MA,73329,ghammond@murray.net,7631096769
30092,Olson LLC Restaurant,756 King Village,New Dakota,MH,97479,wdavis@harper.com,3214652695
30093,Walker Ltd Restaurant,5495 Janet Circle,Adamfurt,AZ,75447,powelltimothy@dickerson-dawson.net,4471474741
30094,Collins Inc Restaurant,3325 Dickerson Ports Suite 244,Martinezmouth,GU,67122,stevenalvarez@brooks-roberts.com,4968229792
30095,Payne-Woodward Restaurant,915 Alexandra Radial,Lake Dawn,AK,99282,rherman@brown-harris.org,3059523936
30096,"Valentine, Taylor and Burgess Restaurant",5397 Tara Junctions,Jeremybury,NJ,64603,rhondamiller@castillo.net,4470808393
30097,"Scott, Singleton and Thomas Restaurant",9545 James Lodge Suite 710,Port Patricia,PA,23645,mario37@golden-tucker.net,9455757962
30098,Wilson-Wilson Restaurant,4405 Mendez Manor,Mosleymouth,FL,55824,stephen27@murray.com,2205234751
30099,Wagner-Shaw Restaurant,4007 Mullen Trafficway,West Shellyfort,NE,48817,melinda75@mitchell-delacruz.com,4452983480
30100,Barnes-Jenkins Restaurant,44640 Anna Plaza Suite 805,Rebeccahaven,NM,85260,ssalas@reynolds-anderson.com,2697841910
30101,Robinson Inc Restaurant,133 Crawford Trail Suite 855,Port Regina,IN,72354,alexanderwelch@li.com,9490768532
30102,Moreno-Sullivan Restaurant,1632 Christopher Gateway Apt. 209,Woodfort,NC,46195,austin63@garcia-young.com,9007015705
30103,Wheeler and Sons Restaurant,222 Jeffrey Neck Suite 927,West Gregory,SC,51768,lauren61@kennedy.com,9644956118
30104,Chavez and Sons Restaurant,0948 Christopher Union,North Craigburgh,ND,69953,suzannevillarreal@jimenez.com,1253943491
30105,Ray-Brandt Restaurant,075 Willie Locks,Annechester,MP,44447,monica02@wilson-yoder.com,6446266236
30106,Ferguson-Kaiser Restaurant,5202 Robinson Mountain,Dominguezstad,ID,34816,david34@hanson-reynolds.com,7050201334
30107,Murphy-Day Restaurant,44808 Daniel Pike,East Brittany,CT,79204,welchjason@mooney-english.com,7738279081
30108,Kennedy Ltd Restaurant,413 Morris Manor,Rebeccatown,RI,97001,jennifersullivan@fletcher.com,8810350608
30109,Smith Inc Restaurant,160 Michael Highway Suite 738,South Johnberg,NH,44942,asmith@barker-peters.biz,6914535292
30110,Hurley Group Restaurant,809 Lawson Square,West Kellyshire,WV,50753,villanuevagary@galloway.com,7223341377
30111,Petty PLC Restaurant,891 Jacob Street,West Josephbury,PA,87423,amy36@williams.com,9411799692
30112,Wells-Rhodes Restaurant,33473 Carlson Villages,East Stevenview,CO,43351,amandawilliams@key.org,8670005044
30113,Williams-Jordan Restaurant,4243 Fernando Plains,Michaelberg,NC,33450,markchaney@williams.org,9202419043
30114,Bailey and Sons Restaurant,23756 Anna Circle Apt. 660,Valeriehaven,GA,73887,john46@wright.com,9105173493
30115,"Sanchez, Farrell and Buckley Restaurant",11594 Justin Isle,Port Yvettemouth,IL,80258,connie54@anderson.biz,8833962203
30116,"Robinson, Martin and Lewis Restaurant",16936 Carter Springs,Johnville,AZ,45384,martinlaura@martin-jordan.net,3054367766
30117,"Brown, Underwood and Cooper Restaurant",1197 Robert Viaduct,Harrisonside,OK,54493,nwatkins@merritt-scott.com,8355349589
30118,Maldonado Group Restaurant,398 Snyder Highway,Sherylmouth,GU,87960,sreed@hurley.com,8812378829
30119,Griffin LLC Restaurant,34921 Gina Circles Apt. 265,Port Bobbytown,OK,52079,annamurphy@schmidt-barnett.com,1935484699
30120,Taylor-Terry Restaurant,9516 Curry Key,Gilmorehaven,FL,76093,jessica32@chavez.com,3027891792
30121,"Chandler, Adams and Cruz Restaurant",21487 Cook Expressway Apt. 313,Port Dwaynefort,SD,33390,aaronosborne@park.net,2109108030
30122,Hogan-Rogers Restaurant,3636 Jerry Isle Suite 101,West Juliaton,MI,57058,hwalker@gutierrez-munoz.org,6878132632
30123,Gallegos-Peterson Restaurant,631 Jessica Manor,South Jack,RI,69681,smithnathan@mccall.info,3651218656
30124,"Morris, Miller and Reed Restaurant",46362 Ryan Place Apt. 478,West Lori,TX,55786,matthew81@krause-hawkins.com,8088328734
30125,Reyes LLC Restaurant,26549 Tiffany Prairie Apt. 910,New Jacobport,SC,43689,desireeparrish@perez.biz,2508109233
30126,"Gomez, Cox and Evans Restaurant",316 Emily Corner Apt. 892,South Melissa,NJ,91448,wwilliams@lowery.biz,7337015178
30127,Pearson and Sons Restaurant,551 Maria Gardens Suite 390,Rogersport,WY,31166,mikayladay@garcia.info,7552664008
30128,"Rodriguez, Moss and Rowe Restaurant",0489 Hernandez Key,Port Morganport,AK,45052,timothy81@gardner.com,3942252113
30129,Oconnor-Hernandez Restaurant,150 Kimberly Dale,Robinsonview,IN,65398,brittanygordon@taylor.com,5804675037
30130,Sparks Group Restaurant,53682 Davis Heights Suite 319,Davidchester,MT,37160,dale26@allen.com,4075581634
30131,Valdez Group Restaurant,448 Warren Garden,Reynoldsstad,MS,56030,matthewspaul@white-marsh.com,1399033583
30132,"Flynn, Hester and Mercer Restaurant",37580 David Islands,Traceyfort,TN,68836,astone@hale.com,1396561487
30133,"Ibarra, Briggs and Garcia Restaurant",74649 Mcclain Burg,East Alan,OK,72558,gsnyder@williams-keller.com,9013006396
30134,Freeman LLC Restaurant,458 Harris Crest,New Jordanmouth,AS,60196,christinetucker@conrad.biz,3042460676
30135,Thomas-Oneal Restaurant,3655 Julia Loaf Suite 758,Port Victoria,NY,17255,michellewest@chen.com,1199069906
30136,"Nguyen, Baker and Noble Restaurant",775 Todd Dale Suite 401,Lake Angelastad,NY,77571,mannmicheal@duncan.biz,8168492397
30137,Miller-Davis Restaurant,607 Stephanie Circle,Heatherfort,PR,35824,christopherklein@murray.com,8246351923
30138,Burns-Johnson Restaurant,0921 Washington Forge Apt. 279,East Christopherville,MA,22370,benjamincalhoun@heath-johnson.com,4918233108
30139,"Pierce, Garrett and Sharp Restaurant",68978 Moore Meadow Suite 619,Lake Raymond,MD,70748,peggygardner@long-davis.org,4958016623
30140,"Olson, Ramirez and Flores Restaurant",21199 May Tunnel Suite 371,Derekborough,NY,91996,richardmartinez@guerrero.biz,2388858802
30141,Rhodes PLC Restaurant,6045 Kristi Trafficway,Williamsmouth,WY,84624,palmerrobert@hall.info,8040862481
30142,Barrett Ltd Restaurant,053 Kerr Garden Suite 591,Turnerhaven,VI,55671,ingramamber@dickson.com,9156766232
30143,Holt-Armstrong Restaurant,49916 Ryan Lights,South Michellebury,VT,42998,watsonjacob@moore-palmer.biz,4961096383
30144,Ross-Bruce Restaurant,678 Michael Trace Apt. 096,East Robertton,MT,59093,yking@williams.com,5120682401
30145,Smith-Cline Restaurant,0114 William Avenue,Sanchezberg,IN,60008,elizabethdelgado@gonzalez.com,9846098290
30146,Walker-Hogan Restaurant,7865 John Plain,Robleston,UT,89947,jensenjames@hampton.com,3638730251
30147,Graham-Reynolds Restaurant,906 Karen Motorway,Ericamouth,AR,35465,umckee@martin.com,3312471447
30148,Munoz Inc Restaurant,830 Thompson Village,West Zacharymouth,MA,34754,bishoplindsey@bailey-jacobson.biz,8712575560
30149,Simmons-Mora Restaurant,17215 John Canyon,New Matthew,NM,34986,amber61@stevens.org,7912561980
30150,"George, Kaiser and Clark Restaurant",876 Holly Mountains,Lake Justinhaven,PR,11337,kjones@villarreal.com,7185203374
30151,Hood Group Restaurant,7229 Maria Mountain,East Kimberlychester,PR,77056,brian53@chang-escobar.com,5530366800
30152,Taylor LLC Restaurant,0548 Smith Mills Suite 675,New Jill,TN,57940,ryanjoseph@graves-howell.com,2176376544
30153,Erickson-Morris Restaurant,22231 Hawkins Port,Martinstad,NC,63091,sandysmith@santiago.com,1175820249
30154,"Turner, Wright and Edwards Restaurant",111 Olson Crossing Suite 008,Hartside,SC,71280,tuckerchristine@anderson-nelson.org,6903103456
30155,"Serrano, Tucker and Johnson Restaurant",211 Benjamin Brooks Apt. 593,Vaughnview,LA,23875,krogers@long-ramirez.biz,4978736501
30156,Ramirez-Torres Restaurant,001 Jessica Loop,Rebeccaton,TX,18859,jerry05@coleman.com,8931420164
30157,Jenkins Inc Restaurant,681 Tammy Overpass Apt. 091,Lake Matthewview,TN,76940,lori59@wiggins.org,9095792258
30158,Williams-Miller Restaurant,8284 Garcia Summit,Port Brittany,ND,12864,abbottjustin@evans-sanchez.net,9071702621
30159,Chen-Robinson Restaurant,5984 Shane Stream,New Justinfort,MH,61698,timothykirk@bell.com,1203582362
30160,Mccoy-Trevino Restaurant,165 Charles Points,Jimenezhaven,FM,85549,klong@deleon.com,6787180656
30161,"Pierce, Parsons and Coleman Restaurant",564 James Squares,Mccormickchester,ND,92504,tonyabradley@buck.com,8590470781
30162,"Smith, Gross and Garza Restaurant",1109 Fisher Forge Apt. 595,Port Andrestad,CO,34915,kevinwise@allen-spencer.com,7886945290
30163,Sullivan-Cole Restaurant,8486 Adam Courts Suite 045,Samanthafurt,FM,44204,smithkevin@middleton.com,4724656856
30164,"Hall, Phillips and Reilly Restaurant",93359 Griffin Island,East Cindyborough,NE,68347,roger05@henry-turner.com,9497432386
30165,Alvarez-Johnson Restaurant,3789 Shelia Drive Apt. 069,Gregoryshire,AZ,35311,stephanie77@howard.net,3227246285
30166,Alvarez Ltd Restaurant,86021 Mariah Light Apt. 876,West Edward,RI,11508,elee@lozano-tate.com,2769224583
30167,"Whitaker, Stevens and Johnson Restaurant",8565 Collins Manor Apt. 693,Fosterton,PR,58302,johnsonronald@fisher.com,7343620073
30168,"Wood, Suarez and Cohen Restaurant",76880 Shepard Garden,East Christyberg,ND,13615,newtonjames@abbott.com,2117756470
30169,Thomas Inc Restaurant,7962 Alexander Station Apt. 538,Timothyland,WI,16974,zmason@lopez.biz,7885707665
30170,House Inc Restaurant,4374 Smith Island,Julieborough,MN,33861,anna27@torres.org,7435076321
30171,Williams-Thompson Restaurant,4284 Donald Meadow Apt. 551,North Ashleyhaven,OH,26436,cannonjames@camacho-lucero.com,7805849473
30172,"Rice, Mullen and Garcia Restaurant",61582 Kendra Squares,Michaelstad,LA,30103,joseph20@johnson-alexander.com,4938121642
30173,Lawson-Martin Restaurant,57503 Contreras Overpass,Joshuaview,MA,82348,sharonfritz@kelley.info,3629734510
30174,"Norton, Walter and Rice Restaurant",2781 Tucker Wall,Stevenland,KS,26186,randallwatkins@mitchell.com,8549855827
30175,Perry Group Restaurant,80100 Downs Mountain Suite 294,Ronaldton,MD,87608,karen35@carr.org,7885668726
30176,Cooper Group Restaurant,21836 Michael Ridges,Nicholetown,VT,42846,taylor90@davis-salinas.com,9678762133
30177,Robbins and Sons Restaurant,33826 Palmer Glens,Evansshire,PR,90211,steven06@morrison.com,5318137291
30178,"Henry, Harris and Kramer Restaurant",5742 Robert Gardens,East Jillianmouth,MD,59056,abyrd@west-bush.info,7730143853
30179,Trujillo and Sons Restaurant,027 Olson Coves Suite 370,Montgomeryport,MD,13953,jimmyjones@murphy-ellison.com,4544661040
30180,"Leonard, Dixon and Ford Restaurant",8567 Lee Knolls,Melissamouth,LA,28996,stephaniemoore@stewart.com,8232877756
30181,"Massey, Hernandez and Barrera Restaurant",480 Debra Station,West Tylerchester,UT,86099,riveraalan@burgess.com,1561109482
30182,"Spears, Wallace and Schroeder Restaurant",37164 Cindy Fall,South Kaitlin,DC,48227,alexandermichael@smith-white.com,9590468406
30183,"Duncan, Arnold and Green Restaurant",791 Bennett Trail Apt. 059,Jenniferton,VA,73819,cameronbeck@ramos.com,8817703155
30184,Foster Inc Restaurant,465 Wesley Isle Suite 945,Dunnshire,MD,66147,kevin91@herring.com,7898558292
30185,"Larson, Campbell and Jacobs Restaurant",25272 Barker Drive,Escobarland,MI,51064,scarr@atkinson-fuentes.info,1820888456
30186,Mendez-Carr Restaurant,22965 Goodman Springs Suite 860,Amyside,OK,892,tamigarcia@schultz.com,7343008966
30187,Wilson PLC Restaurant,5620 Paul Pass Suite 532,Daychester,CA,23226,kennedyrodney@black.net,2007477494
30188,Ramos-Jackson Restaurant,425 Tyler Lakes,Kylestad,KS,63646,carolynhoward@rogers-martin.biz,8512175967
30189,Paul-Collins Restaurant,7472 Atkinson Pine Suite 759,North Jason,MD,50047,meganbenson@daniels-cunningham.biz,1090360545
30190,Miller PLC Restaurant,8420 Tony Pines,West Brittanyland,MI,87909,shepherdcatherine@marshall-lyons.com,1305765892
30191,Jordan-Macias Restaurant,49368 Reynolds Falls,East Stevenside,ME,96594,woliver@blake-hernandez.com,4008803793
30192,"Wilkinson, Johnson and Scott Restaurant",460 Joseph Village Suite 786,Port Allison,LA,46851,troy50@reilly-mcconnell.org,6947804388
30193,"Hickman, Gonzalez and Watts Restaurant",7447 Mcguire Views,North Trevorfort,ND,33599,williamstina@edwards.com,9584448698
30194,"Walker, Harvey and Moore Restaurant",2366 Michael Gateway Apt. 426,New Thomaschester,IN,55505,reidalexis@hogan.org,7343242597
30195,Simon-Hensley Restaurant,3070 Kathleen Plains,Jenniferville,NY,76252,xhamilton@powell.com,5558635264
30196,"Reyes, Cook and Martin Restaurant",792 Anna Trace,North Charlesberg,MT,24194,pamelaross@adams.biz,8136864386
30197,Coleman and Sons Restaurant,699 Li Lights Apt. 318,Westshire,AZ,17913,tamara26@baker-wilson.biz,3137723135
30198,Costa-Griffin Restaurant,09844 Watson Extensions,Butlerchester,NJ,57366,garnerchad@miller.com,6074589105
30199,Rodgers LLC Restaurant,225 Benson Union Suite 729,Lake Mindy,NJ,12927,wjohnston@martin.biz,3098366825
30200,"Oconnell, Wade and Contreras Restaurant",658 Rosario Oval,Lake Nicoleburgh,WY,81197,lloydkelly@cross.info,4505907643
30201,Williams-Sharp Restaurant,9478 Walker Spring,Wilsonport,AL,18391,amandamoody@johnson-walker.com,1951339315
30202,"Clay, Romero and Macias Restaurant",05658 Glass Flat Apt. 159,West Christophershire,MI,95573,arthurmiller@martinez-hansen.com,2875043107
30203,Williams LLC Restaurant,476 Chad Pine,Hicksview,IL,19905,katiebaker@west-massey.net,2356371168
30204,Hall PLC Restaurant,360 Linda Throughway Suite 873,North Elizabeth,AZ,44631,alexander96@rogers-henson.biz,3191484117
30205,Gonzalez-Rogers Restaurant,273 Joseph Station,Morrismouth,CO,97420,veronica06@horton-farmer.com,3723286972
30206,Kidd Ltd Restaurant,052 Harris Landing,Danieltown,FM,36114,mary83@cunningham.com,7887486481
30207,Crawford-Carter Restaurant,5627 Christy Heights Apt. 250,North Catherinebury,NV,65108,iblair@mathews-davis.org,1903602173
30208,"Figueroa, James and Lopez Restaurant",8547 Lauren Burgs Suite 758,North Joshuamouth,LA,39673,masonbobby@merritt.com,8200257699
30209,"Wood, Williams and Jones Restaurant",06428 Carolyn Wells Suite 679,West Tinaview,MS,74746,weberdiane@stark-miller.net,9309742498
30210,Jones-Hernandez Restaurant,948 Maynard Landing,Timothytown,GU,94008,andreathomas@jackson.com,9964630279
30211,Edwards Ltd Restaurant,96486 Donald Drive,East Robin,TX,12148,michellepace@walker.com,2776555746
30212,Gillespie LLC Restaurant,1074 Christopher Trace Suite 172,Bryantmouth,TN,66102,farcher@caldwell-clark.com,7824043010
30213,Gutierrez PLC Restaurant,465 Bryan Creek,Lake Steven,NC,51470,sadams@powell.com,1093534599
30214,"Boyle, Graves and Jarvis Restaurant",3857 Rose Spring,South Samuelmouth,MA,70394,mhorne@alvarez-hunt.com,2165904080
30215,"Gates, Smith and Norton Restaurant",25669 Oliver Canyon,North Robert,CT,56999,pamela93@short.net,2630107208
30216,Rivera PLC Restaurant,96397 Ryan Fords Suite 835,Lake Joyceshire,MN,49107,deanarnold@brown.net,9454878163
30217,Anderson-Davis Restaurant,07536 John Island Suite 560,Ericville,TX,47511,linda52@sharp.com,8017055859
30218,Mitchell Inc Restaurant,755 Martin Forges Suite 871,Morenoberg,VT,77697,kristen72@vaughn-christensen.info,7082220013
30219,Sutton Ltd Restaurant,4074 Jennifer Inlet Apt. 435,Port Dawnborough,MP,20175,christine92@wall.com,5531548903
30220,Fox Inc Restaurant,3057 Bryant Flat,Jonesside,HI,83469,mcoleman@ritter-robinson.com,3234649748
30221,Lopez and Sons Restaurant,17583 Sullivan Mount Apt. 300,Rossfort,CA,85323,ggray@lewis-peterson.info,2434915034
30222,Benitez LLC Restaurant,4491 Martinez Cliff Suite 030,West Troy,KS,45131,osmith@hernandez.com,5150699054
30223,"Solomon, Moreno and Franco Restaurant",8339 Michael Forest,Lake Amber,ND,62988,daniellin@lee.com,8021675839
30224,Mcgee-Davidson Restaurant,867 Stephen Fork,Rebeccashire,KY,33112,amyfrederick@monroe.com,5576791118
30225,"Odom, Jones and Riley Restaurant",380 Robert Run Apt. 733,South Kathyville,DC,51393,ulucas@curtis-thomas.biz,9106760668
30226,"Dunlap, Alexander and Armstrong Restaurant",233 Angela Brook,Yvonnefurt,NJ,49581,manuel10@garcia.biz,5529956405
30227,Cox-Ruiz Restaurant,76267 Christopher Ramp,New Timothy,DE,45872,robert81@fritz.com,7525113081
30228,Carson-Martinez Restaurant,5898 Simmons Union Suite 754,South Michaelville,WA,57283,daviskaren@baker-bennett.com,2730160532
30229,Keller LLC Restaurant,77159 Leah Junction Suite 579,Debbieland,GU,72363,williamssarah@durham.org,6112125302
30230,White PLC Restaurant,38654 Christopher River Apt. 058,South Michael,ND,93579,denise55@nelson-johnson.org,6526401757
30231,Carter-Garrett Restaurant,334 Raymond Springs,Dianamouth,MS,52720,philliparnold@mcbride.com,1646372141
30232,Duffy Inc Restaurant,396 Roberta Crossing,Dominguezstad,NM,82662,laura54@murray-tucker.org,1669428433
30233,"Graham, Freeman and Gomez Restaurant",7264 David Ports Suite 574,Reyesshire,VA,48114,nicholasanderson@silva.com,4522681088
30234,"Wood, Maldonado and Williams Restaurant",49428 Barton Garden,Vickiefurt,FM,30974,owilson@peters-roach.biz,4203459477
30235,Petty Ltd Restaurant,572 Victor Union Apt. 056,South John,MO,49995,marco10@williams.info,3040620356
30236,Newman-Smith Restaurant,61794 Ellis Expressway,Lake Mariaburgh,AZ,89728,mathew60@rios.com,9114978868
30237,Li-Jackson Restaurant,637 Jennifer Radial Suite 991,Margaretport,GA,99622,lopezraymond@lee.org,2538592952
30238,"Clark, Bennett and Thompson Restaurant",0180 Glen Road Suite 424,East Billyland,MS,85706,pcarter@raymond-edwards.com,4614929487
30239,Davis Inc Restaurant,36269 Carmen Mills,Pearsonville,OR,86252,erik98@clark.com,5535516884
30240,"Martin, Becker and Morris Restaurant",619 Jeremiah Street,Anthonyfurt,CA,15258,joannalee@church.net,7129755925
30241,Gonzales-Davis Restaurant,564 Anthony Square,Moseshaven,NY,17725,bakermaria@baldwin.org,2350923292
30242,Wallace PLC Restaurant,3903 Michael Isle Suite 010,Lake Jesse,TN,51907,cgonzalez@herman.com,1532387620
30243,"Allen, Daugherty and Flores Restaurant",410 Davis Forks Apt. 152,Randallborough,KY,90075,ernest11@price.info,9230958584
30244,Hobbs Group Restaurant,803 Ricky Ford Suite 536,Fowlershire,VI,15919,agreer@robinson.com,6245874876
30245,"Williamson, Watson and Reed Restaurant",8975 Jacob Mill,South Kristinafurt,MD,53026,jameskennedy@poole-ferrell.com,7240262920
30246,Lewis and Sons Restaurant,6631 Johnson Haven,Davidport,WY,64739,kirkvickie@tyler.biz,8014508579
30247,Davis-Jones Restaurant,911 Shelly Lodge,Garciamouth,IN,37987,andersondaniel@lee.net,6733053479
30248,"Pruitt, Rhodes and Wagner Restaurant",90925 Christina Crossroad Apt. 026,New Nicole,NM,50464,elizabeth63@anderson.net,5963702769
30249,Cole LLC Restaurant,3907 English Manor,New Deanna,AR,52804,jessicahernandez@oneal.info,2623533951
30250,Smith-Nelson Restaurant,1870 Sanders Rapid Apt. 190,Bishopville,AR,20775,lmyers@murphy.com,2833470165
30251,Patel-Wilson Restaurant,36920 Patterson Way,Cookview,DC,31779,veronica44@sharp.com,8254267680
30252,"Allen, Ramos and Lopez Restaurant",31954 Johnson Tunnel Suite 015,Rebeccatown,NJ,50042,hernandezmichael@hayden.com,1289675008
30253,Brown-Hobbs Restaurant,30155 Miller Ville Suite 948,North Benjamin,TX,40276,sfisher@ellison-contreras.info,6936616970
30254,Rojas LLC Restaurant,71209 Jessica Extension Suite 336,Dylanhaven,KS,59261,mejiatiffany@berger-fox.org,7545113739
30255,Conner Ltd Restaurant,082 Green Trace,Lake Kim,DC,85334,jlawrence@johnson.com,4060410242
30256,Smith LLC Restaurant,875 Evans Rapids,Shepardland,TN,21342,qclark@ward-rodgers.com,8501272334
30257,Wood Ltd Restaurant,849 Tiffany Course,West Mitchellmouth,NE,65558,sloandana@petty.org,9045577216
30258,Lewis LLC Restaurant,218 Zachary Drive Suite 136,Andreahaven,OR,33961,frice@savage-lee.com,5811018037
30259,Martin-Scott Restaurant,0945 Juan Prairie Suite 633,Noahchester,LA,73391,lopeztodd@moore.com,2957528465
30260,Evans LLC Restaurant,656 Scott Course Suite 991,Wallsbury,MO,76946,pricechristina@gonzalez.com,3797648794
30261,Wolf-Pena Restaurant,6641 Love Mountains Suite 203,Ruthbury,CT,81441,hallvictor@fox-powell.info,8230714480
30262,Rodriguez LLC Restaurant,534 Johns Stream,West Williamburgh,CO,26567,xgonzales@baldwin.org,3091668801
30263,Hall LLC Restaurant,309 Juan Mall,Comptonborough,MS,94497,qrichardson@davis.com,6368580604
30264,Kennedy Group Restaurant,065 Patterson Fords,Christopherberg,HI,15422,tsandoval@jimenez.org,6532248951
30265,Savage PLC Restaurant,60880 Drake Loop,Kellyland,NM,75607,lawsonrachel@romero-mclean.biz,2268650254
30266,Espinoza-Warren Restaurant,75079 Jacob Springs Apt. 020,South Anthonyton,AL,27005,krocha@keller-carr.net,9382089443
30267,"Cohen, Richardson and Bell Restaurant",8093 Torres Wall Suite 691,East Darrell,AL,73429,hernandezpatricia@webb-parsons.com,1925694548
30268,Walker LLC Restaurant,82831 Mckinney Village,Reidport,NC,41966,miguelschneider@oliver-kim.com,5784665737
30269,Harris-Smith Restaurant,17773 Chapman Streets Apt. 855,Lake Kiarashire,MN,78779,facosta@roberts.com,2344739697
30270,"Taylor, Cook and Wright Restaurant",674 Castillo Light Apt. 646,Marissaberg,PR,98684,benjaminthompson@johnson-kennedy.com,5597064488
30271,"Lawrence, Martin and Hubbard Restaurant",4653 Webb Landing Suite 926,Jodyburgh,MD,28123,diamond84@ramirez.com,4548717217
30272,Moran PLC Restaurant,3554 Tanya Underpass Apt. 634,Garzamouth,LA,58787,burtonnicole@alexander-garcia.com,9883721743
30273,"Clay, Oliver and Carter Restaurant",99334 Nixon Mountain Suite 316,East Saraside,MN,50640,fgarcia@lawrence.com,5393883760
30274,Sutton Ltd Restaurant,764 Jenna Port,Benjaminview,MD,19277,jedwards@miller.com,8399153179
30275,Rocha-Hall Restaurant,1857 Kelly Track,New Todd,OR,52356,peckmichelle@nelson.com,8468223552
30276,Ferguson Ltd Restaurant,78968 Michael Valleys,East Jared,WY,52431,newmanpeter@whitney-curtis.net,5806908228
30277,Escobar-Poole Restaurant,15692 Hubbard Land,Jennifermouth,CT,40032,cathyroberson@gibson.net,2535771264
30278,Padilla and Sons Restaurant,4863 Stephens Stream,East Jeffrey,FM,20070,smithjohn@vance-barber.com,1259978089
30279,Hernandez-Williams Restaurant,52195 Alexander Centers,Patrickberg,MN,64132,mary14@richards-wilson.com,7277217830
30280,"Davis, Smith and Elliott Restaurant",99920 Elizabeth Mission Suite 854,Mannstad,OK,41403,kelly81@stewart-palmer.biz,8368812712
30281,Tran and Sons Restaurant,047 Rebecca Flats,Clarkshire,NV,63818,andersonwanda@johnson-sellers.com,7059535222
30282,Mercado-Reese Restaurant,998 Pierce Isle Apt. 858,South James,MA,35394,xwiley@williams.net,6979157133
30283,Jones PLC Restaurant,2681 Mark Mews,Prattchester,TX,23276,moraleskevin@cook.info,5101923668
30284,Barber and Sons Restaurant,58647 Watkins Mission Apt. 633,Courtneystad,NC,42617,kimberly94@martinez-solis.com,3049166457
30285,Hanson and Sons Restaurant,25255 Myers Extensions,Lake Waynebury,NJ,73078,vanessaknight@moore.biz,7726512745
30286,Mcbride-Cox Restaurant,550 Silva Lake Suite 836,West Kelseybury,MH,66177,williamsingh@adams.com,5231514949
30287,Lewis Ltd Restaurant,053 William Bypass,Montgomerybury,CO,92242,charlessmall@cox.com,8400096818
30288,Burton-Maldonado Restaurant,20557 Benson Plaza Apt. 572,Port Elizabethburgh,WA,98437,ramosanthony@cowan.info,6833904536
30289,"Sheppard, Rogers and Rodriguez Restaurant",6284 Thompson Parkways,New Johnside,NY,41228,janet56@bryant.com,7326719578
30290,"Sanchez, Lee and Smith Restaurant",8484 Angela Key Suite 950,East Tyrone,OK,99787,nelsonjennifer@ritter.biz,8340969458
30291,Jones and Sons Restaurant,653 Fletcher Course Suite 976,Kellybury,IL,10308,michelletaylor@pratt.net,6170648986
30292,Harrington-Clark Restaurant,599 Daniel Mill,Lake Jenniferbury,MO,77021,randall24@marshall.com,5814206182
30293,"West, Bailey and Chang Restaurant",00108 Hull Villages Suite 963,Brooksburgh,MA,86371,davidmorris@joseph-wood.org,6774895701
30294,Stewart-Murillo Restaurant,837 Preston Lake,Richardsstad,PA,65889,ywhitaker@aguirre.com,4342833662
30295,Kent-Garner Restaurant,549 Rogers Cliff,East Danielle,ME,35304,rhuber@smith-lopez.com,1667903000
30296,Munoz-Thomas Restaurant,810 Allen Creek Apt. 592,West Ryan,PA,10752,lopezrichard@mayo.com,2248559525
30297,Fletcher-Petersen Restaurant,4862 Willie Plaza Apt. 311,East Andrewton,NM,75856,austin28@harris.biz,5146218031
30298,Rush LLC Restaurant,11854 Mcdonald Circle,Fergusonberg,HI,45917,lindalewis@brown.com,7073057000
30299,Petersen-Moore Restaurant,541 Jack Lodge,Jonesville,OK,80405,ysnyder@hernandez.com,5981723135
30300,Gentry Ltd Restaurant,28381 Jones Glen,Johnstad,PA,15097,amanda96@fox.net,1397873623
30301,Richards-Williams Restaurant,96406 Bridges Views Apt. 657,Pagemouth,AK,48157,whiteandrea@coleman-mays.org,3250608061
30302,Carpenter-Shaw Restaurant,692 Olsen Flat Suite 852,New Tabitha,FL,55917,sherrimarsh@smith-white.com,1608099602
30303,"Mitchell, Butler and Horn Restaurant",69162 Lawrence Land Suite 097,West Michaelmouth,AL,90290,millerjessica@paul.com,4984108863
30304,Bryan Group Restaurant,1104 Jacqueline Groves,East Jocelynstad,CT,28822,jodiayala@foster.biz,7363592675
30305,"Wood, Martin and Kim Restaurant",7106 Everett Terrace Apt. 214,Port Stanley,OR,21196,bjones@simon.com,5335723505
30306,Mason-Gentry Restaurant,243 Stevens Village,Marymouth,CA,68787,amydiaz@camacho-lewis.com,2542187262
30307,"Woodard, Landry and Watson Restaurant",602 Johnson Lodge Apt. 867,Sarachester,NE,69880,williamscarol@blake-graham.org,8035090234
30308,Tucker Ltd Restaurant,802 Caitlin Causeway Apt. 881,Johnport,ND,43981,cwilliams@mercado.com,4650956393
30309,Le Inc Restaurant,0315 Joshua Fields,Brittanystad,NM,46530,kellysmith@clark-hall.biz,6202314762
30310,Harmon Group Restaurant,54995 Reynolds Mount Apt. 809,North Stephanie,OK,63800,barbara31@jarvis.com,5454590521
30311,Cook Inc Restaurant,619 Wright Loop Apt. 224,New Christopher,WV,42876,orobinson@white.org,4492377686
30312,Levy PLC Restaurant,37393 April Mountain,Michaelfort,FM,22553,lihayden@davenport.com,9701025214
30313,Jackson-Adams Restaurant,88662 Velez Extensions Apt. 767,North Pamela,KY,87544,gilbertjacqueline@ramirez.com,2656577477
30314,"Austin, Martinez and Walker Restaurant",32597 Connor Rest,North Sandra,CT,28100,xdavis@dodson-scott.org,4868144223
30315,Harper LLC Restaurant,01872 Tammy Roads,Johnsonburgh,CO,65419,brenda19@hudson.com,3677307389
30316,Williams-Good Restaurant,2195 Riley Lodge Suite 047,New Joseton,WI,69947,steven71@rivera.com,2811768157
30317,"Green, Lopez and Murphy Restaurant",35099 Mendez Green,West Patrick,NJ,85877,molly64@wilson-brown.info,3925059937
30318,Serrano-Davis Restaurant,95072 Judy Inlet Apt. 282,Gutierrezborough,VT,26386,melissabennett@moore.com,5128268718
30319,"Warren, Donaldson and Butler Restaurant",9851 Leonard Ferry,Crossmouth,WV,33849,josephhernandez@turner.biz,4916979242
30320,Bailey Inc Restaurant,39612 Peterson Route,Huffmanchester,OR,92439,rhayes@vaughn.com,6767990314
30321,Allen LLC Restaurant,232 Cathy Bypass,South James,VT,77775,rrowe@thomas.com,1469326645
30322,Yu PLC Restaurant,262 Graham Rapid,Perezport,IA,13883,kevin20@taylor-clarke.com,4467123604
30323,Combs Inc Restaurant,308 Stephanie Gateway,East Cody,CO,82868,tammy14@rodriguez-glenn.biz,8406573470
30324,"Ball, Hamilton and Leonard Restaurant",6972 Ana Loaf,North Thomas,PW,36616,ystokes@strickland.org,6535514444
30325,Garcia-Walker Restaurant,8470 Garcia Courts Apt. 381,Port Eric,VI,11410,aguilarjoseph@richardson.info,2639447662
30326,"Mann, Johnson and Salazar Restaurant",19474 Christina Fall Apt. 681,South Johnny,FL,45892,khancock@williams.org,5663948942
30327,Johnson and Sons Restaurant,50016 Kevin Point,Josephmouth,OR,18968,jonathancain@moore.biz,3870530815
30328,Cox Group Restaurant,992 Tricia Gateway Suite 498,Jamesberg,MO,66746,brendajohnson@flores.com,5888672478
30329,Woodard-Velasquez Restaurant,50609 Teresa Trail Apt. 473,Fosterview,IA,79731,christopher28@jones.com,8887998401
30330,Murphy PLC Restaurant,4314 Christopher Dam,South Richard,MN,34562,nmccoy@lang.com,4831610558
30331,Adams Group Restaurant,2736 Gail Centers Apt. 319,Ivanside,PR,81006,gallegosbruce@ayala.org,9695278902
30332,Alexander-Carter Restaurant,8567 Newton Squares,Port Zachary,KY,68013,annecross@copeland.com,2566984299
30333,"Gordon, Lee and Gross Restaurant",70949 Kevin Union Suite 155,Stevenborough,MI,20343,emily01@miller-schwartz.org,3973834367
30334,Bowman-Keller Restaurant,1118 Ronald Crest Apt. 511,Wardmouth,MS,54210,rwright@hester.com,1915143806
30335,"Munoz, Kim and Parker Restaurant",453 Kimberly Extension,North Julie,MN,28529,frank83@walker.biz,7880407114
30336,Smith-Smith Restaurant,04238 Michael Pike Apt. 094,North Michael,GA,43134,michellemccormick@contreras-scott.info,6300583431
30337,Cook Inc Restaurant,50079 Jeffrey Ridge Suite 125,East Joanna,NE,94808,richardbuck@galloway.org,3899123948
30338,Joseph-Harris Restaurant,42871 Katherine Pine,Cummingshaven,AZ,78999,lewislee@horton.org,5672605747
30339,Mcgrath-Reynolds Restaurant,7336 Garcia Light Apt. 667,Williamsside,SC,54930,robertsanchez@marshall.com,3604643937
30340,"Walker, Williamson and Mills Restaurant",68105 Torres Stream,South Jessica,MO,53988,christina50@watkins.info,4696139982
30341,Dickerson and Sons Restaurant,2612 Janet Wells Apt. 668,Smithbury,VA,90226,ianderson@long-walker.net,6990488507
30342,Mccormick-Fletcher Restaurant,794 Lam Ridges,Escobarstad,IA,77156,tammy66@soto-chen.biz,7443728429
30343,"Boyd, Morrison and Sherman Restaurant",0493 Sullivan Mountains Suite 759,Sarahfort,WI,50092,angelamyers@dorsey.com,7603899961
30344,Smith LLC Restaurant,2574 Watson Stream Suite 032,Deniseland,MS,15018,christopherochoa@jimenez.com,8565418045
30345,"Chan, Chavez and Thompson Restaurant",665 Lawrence Stream,Sabrinabury,MP,31959,ugonzales@hunter.com,4602192161
30346,Li-Rhodes Restaurant,26948 Daniel Stream Suite 866,Claytonport,KY,64033,ylarson@davis.com,9440182535
30347,Myers-Mills Restaurant,896 Yoder Inlet Suite 425,Rodriguezland,WI,83495,rasmussentammy@chandler.info,3843366229
30348,"Woodward, Jackson and Cole Restaurant",038 Colon Streets Suite 145,Christinaton,CO,22428,lisatucker@stevenson-velazquez.com,8801387944
30349,"Johnson, Ross and Sanchez Restaurant",6211 Davis Square,Jimmyton,RI,36129,greerjoan@lawson-silva.com,4426111813
30350,"Johnson, Holmes and Keith Restaurant",1957 Cory Keys Suite 730,Lake Thomas,MD,77656,janet68@mendoza-weber.org,6058666741
30351,Williams-Jenkins Restaurant,478 Gonzalez Ways,South Amandaberg,FM,75194,vwatson@higgins.com,6091330192
30352,Williams-Davis Restaurant,5977 Amanda Plaza,Lake Nathanielstad,WY,21051,danielle35@martinez.info,8110508000
30353,Buchanan Inc Restaurant,6474 Paula Neck,Burketown,OH,18861,fbyrd@wood.info,1596307271
30354,Palmer and Sons Restaurant,7538 Sally Neck Suite 087,Wallaceton,VI,82634,saramorris@hamilton-taylor.info,3366139331
30355,Flores-Holland Restaurant,113 Keith Lock,Jenniferfurt,WI,66081,pamela76@herring-bell.com,1426806007
30356,Jacobs-Moore Restaurant,63696 Pamela Flats,Port Kelseyport,ME,17025,charleswade@harris-harris.com,6482683025
30357,Hall PLC Restaurant,834 Mike Spurs Suite 014,Lanetown,IN,67816,heather57@knox.com,6355944901
30358,"Trevino, Bradley and Turner Restaurant",1283 Cameron Neck,New Donnastad,AZ,97896,randall37@garrett.org,3616334475
30359,Foster-Chandler Restaurant,40463 David Vista Suite 658,Wesleyside,ID,37759,martinbecky@hanson-marsh.info,5560238737
30360,Preston PLC Restaurant,051 Odonnell Fall Apt. 819,Andretown,OK,55306,larsonkelly@rollins.com,6077494294
30361,"Lewis, Davis and Mendoza Restaurant",484 Crystal Streets,North Henry,WV,82785,brownchristine@scott.com,1109619054
30362,"Brown, Garcia and Mora Restaurant",035 Boone Drive Suite 855,West Kevinland,IL,77828,christina80@foley.com,9335882081
30363,Mcdaniel Ltd Restaurant,04731 Sosa Cliffs,Daughertyview,WY,26708,murillosamantha@clark.com,6091251593
30364,Davis Ltd Restaurant,71088 William Wall,Port Belindaside,MP,31879,wilsonanne@williams-carroll.biz,6240002511
30365,Turner-Shields Restaurant,15197 Jeffrey Lakes Apt. 417,Gregoryfort,FL,17513,jessica13@thomas.org,5988886910
30366,Kelly Group Restaurant,6917 Christine Radial,New Susan,AS,12511,wmoss@raymond-harris.com,6357750263
30367,"Cannon, Meza and Williams Restaurant",9214 Stephen Path,Harmonville,NV,44981,cliffordgardner@thompson.org,9380686074
30368,"Bartlett, Miller and Watson Restaurant",4303 Edward Path Apt. 298,Debratown,TN,71555,tgolden@bates-maldonado.com,7030680541
30369,Johnson PLC Restaurant,159 Rice Park Suite 419,Alishahaven,CO,93226,jasonmartinez@lee-king.com,3598396230
30370,Branch LLC Restaurant,720 Gallagher Springs Apt. 333,South Glorialand,OH,70742,schmidtmegan@ward-fowler.info,4056038216
30371,"Reeves, Davis and Trevino Restaurant",89600 Ann Crossing Suite 444,Salinasstad,VA,95860,fgalloway@middleton.com,9922642690
30372,Rose-Mckinney Restaurant,294 Kristy Centers Suite 738,South Lucas,NV,84618,lsmith@farrell.com,9624810944
30373,"Hamilton, Walker and Johnson Restaurant",73243 Julie Crescent Apt. 131,North Lauren,MI,43036,hedwards@burnett.net,4931808737
30374,Obrien-Fisher Restaurant,4181 Brown Street Suite 739,North Wayne,ND,89885,alexandria67@dominguez.com,4353790992
30375,Wagner PLC Restaurant,984 Denise Field Apt. 392,Garciahaven,OH,19877,hphillips@gonzalez.com,1173924742
30376,Mcdonald PLC Restaurant,14472 Laurie Neck,Pruittview,MI,56981,cartercolleen@dunn-robinson.org,2386267615
30377,"Eaton, Frazier and Logan Restaurant",358 Eric Oval,Port Vanessamouth,DC,10648,jonathanbarrett@kerr.com,4569261185
30378,"Willis, Hatfield and May Restaurant",6201 Gates Prairie,East Johnstad,FL,37388,jdavis@conrad.com,5238210274
30379,Sims Ltd Restaurant,88943 Bennett Lake Apt. 898,Livingstonview,WA,60553,markphillips@pratt.com,1345842829
30380,"Miller, Brown and Graves Restaurant",748 Jeffrey Squares Suite 845,North Shawnfort,HI,43370,suehart@hawkins.com,7498486566
30381,"Stuart, Sullivan and Miller Restaurant",7835 Kimberly Squares,Justinshire,AR,98755,patriciastewart@barnes-ballard.net,5363751485
30382,"Chang, Long and Walker Restaurant",832 Gallegos Circles,Cookfurt,VT,51105,staylor@richards.com,1857590497
30383,"Ramirez, Morrison and Holmes Restaurant",2785 Ralph Shores Apt. 653,Acostastad,AZ,75926,danielcooper@fritz-keith.org,9205888018
30384,Stewart-Contreras Restaurant,977 Johns Lakes,Lake Leslie,IA,98116,emma09@mclean.org,1747792527
30385,Ramsey PLC Restaurant,317 Myers Ville Suite 450,Lake Brittanyfort,AK,51172,hailey81@evans.com,7733344189
30386,"Nunez, Miller and Gutierrez Restaurant",077 Erin Forges,Teresashire,NJ,84665,ywise@watson.org,1819342612
30387,Ferguson Group Restaurant,06940 Rachel Villages Apt. 747,Lake Summer,MI,77415,oallen@porter.com,7999372542
30388,Edwards PLC Restaurant,7295 Cervantes Squares Suite 899,Sheilachester,OR,40473,reginacrawford@le.org,3640333042
30389,Esparza and Sons Restaurant,8155 Johnson Bypass,Christopherborough,PA,95206,ubaker@robinson.info,8688559784
30390,Macias Group Restaurant,243 Dawn Spurs,Port Denisetown,MH,65378,johnsonkristy@wolf.net,4600345549
30391,Smith Inc Restaurant,635 Jones Ford,North Elizabethberg,WV,10273,montgomeryandrew@yoder-rodgers.com,3736102986
30392,Watkins Inc Restaurant,9109 Michelle Islands Apt. 148,Johnton,DC,59717,hallmichael@hahn.biz,8943634750
30393,Burton-Fleming Restaurant,07750 Franklin Locks,Hectorland,VA,65037,cunninghamhector@carter.biz,9806054965
30394,Mcdonald Group Restaurant,97715 Jeffery Common,West Chad,ME,76060,lancecook@williams-stark.com,8522423483
30395,Harding-Barton Restaurant,5521 Martinez Skyway,North Cheryl,OR,41076,jenniferroberts@wallace.com,6261255233
30396,Lopez-Wells Restaurant,667 Brennan Garden Suite 777,North Ashleytown,WV,75135,leonard69@craig.com,8617890840
30397,"Vega, Gibbs and Bond Restaurant",7722 Patricia Tunnel,Heathview,ND,58694,dconway@flores-mendez.com,3747374411
30398,Mccoy-Hardy Restaurant,942 Jackson Vista Apt. 563,North Matthewtown,VA,44906,mercadosteven@bowman-chen.com,9796853641
30399,Francis-Sutton Restaurant,6988 Drake Terrace Apt. 777,Georgehaven,TX,63355,rachael06@fernandez-phillips.com,6570988729
30400,Jackson-Harrington Restaurant,9979 Snyder Place,South Karen,DE,68856,robert48@silva-lopez.com,7432378570
30401,"Bell, Wilson and Coleman Restaurant",0667 Lisa Knolls Apt. 512,Amandashire,DC,91926,hramirez@ramos-garner.net,3224412689
30402,Velasquez-Harris Restaurant,0848 Underwood Port,Luisborough,WA,67007,josephsantiago@shaw-robbins.org,1221448719
30403,"Garcia, Walker and Smith Restaurant",3350 Beck Bridge Apt. 054,North Nicholasview,ME,74687,swilliams@wallace.biz,5374464254
30404,Stewart-Cohen Restaurant,43337 Erin Field,Joeview,NY,18106,benjaminwalls@thompson.biz,1333309600
30405,"Shaw, James and Koch Restaurant",837 Bishop Ferry,South Williambury,NM,89988,nicole68@harris.biz,2388277464
30406,"Dunn, White and Wise Restaurant",77470 Deborah Course Apt. 429,New Amberbury,MI,30905,owensryan@cohen.com,1455855150
30407,"Russell, Carter and Long Restaurant",142 Watkins Crescent Suite 886,Andrewview,HI,50448,adam30@jones.com,6835889515
30408,Clayton Inc Restaurant,31655 Taylor Overpass Apt. 679,Brandonstad,KY,11656,david59@klein.com,6151382816
30409,"Lawson, Tanner and Brock Restaurant",963 Jonathan Passage Suite 459,Stephanieport,MN,63853,qbarnes@garcia.org,4869465868
30410,Maxwell-Reed Restaurant,06304 Jonathan Ports Suite 620,Port Tammy,ME,31714,stephanie30@dominguez-james.info,5376060452
30411,"Fuentes, Ryan and Stein Restaurant",5626 Katherine Club,West Kenneth,KS,42712,wrightgregory@smith.com,3817978109
30412,Aguilar PLC Restaurant,820 Myers Turnpike Suite 487,South William,ME,13620,imiller@martin-carter.com,9509478125
30413,Casey-Wilson Restaurant,980 Steven Union,Jaredshire,AK,48671,kevincontreras@barrett.com,6885007918
30414,Bailey-Chavez Restaurant,193 Brad Viaduct,North Barbara,OR,16218,gayrandall@mcgrath.net,7332269613
30415,Cooper-Chaney Restaurant,03201 Stacey Circles Suite 490,Lucasside,DC,32955,dowen@myers.com,5514886202
30416,Barber-Powell Restaurant,83075 Hodge Street,Stephaniefort,MO,20664,osbornerobert@morrison-wheeler.com,1841627703
30417,"Powell, Hall and Foster Restaurant",3224 Mary Greens,North Erinfort,WV,57967,ahiggins@rangel.com,4414018104
30418,"Day, Martinez and Jones Restaurant",2517 Goodman Wall,Diazchester,CA,83552,colemanwilliam@green.org,9021711541
30419,Reid Group Restaurant,97358 Jamie Shores Apt. 747,New Robertborough,SD,49078,nnelson@martinez.com,9058916822
30420,Zhang-Moore Restaurant,4829 Morgan Shore Apt. 235,Kellyfurt,NC,25696,wthomas@burke-taylor.net,1090268963
30421,"Noble, Shepard and Cooper Restaurant",00637 Tracy Corners Apt. 820,East Julie,NM,43771,gillchristopher@gonzalez.com,5302640890
30422,"Oneal, Mason and Rice Restaurant",0553 Haley Hollow,Shannonhaven,MD,30855,allenvalerie@buchanan.org,5205852111
30423,Robinson-Brown Restaurant,156 Krista Knoll Apt. 249,South Robertview,MP,58126,kennethholloway@lewis.com,9761739778
30424,Washington Ltd Restaurant,08753 Lee Drive Suite 839,Estradaberg,CO,76210,xsmith@chen.info,6962236287
30425,Cox LLC Restaurant,9495 Cole Forge Suite 359,New Alexmouth,WY,81144,kirk72@james.com,2909139361
30426,Sandoval Ltd Restaurant,859 Moore Station,Lake Taylor,MA,68497,anthony21@cabrera-robertson.biz,9758343697
30427,Williams Group Restaurant,362 King Land,East Nicoleville,ME,53838,charlesphillips@mayo-rosales.com,8247706212
30428,Alvarez-Wright Restaurant,4156 Wilkins Camp Suite 435,Jasonberg,NH,23681,copelandcurtis@king.com,1191879820
30429,Diaz Group Restaurant,523 Leonard Point Apt. 476,Parkerstad,ID,85206,ljones@spencer.biz,2552513736
30430,"Munoz, Lee and Ramirez Restaurant",627 Anna Valleys Suite 069,Coxside,HI,40990,susan22@woods.net,4538203364
30431,Alvarado Group Restaurant,9368 Alan Village,Ryanland,DC,78479,alexandrafisher@soto.com,8344995799
30432,"Pratt, Lopez and Lowe Restaurant",8326 Moreno Views Apt. 109,Stephanieshire,NC,59224,spatton@riley.com,4920897308
30433,Stevens-Mills Restaurant,7995 Richard Roads Suite 705,North David,MA,84585,lauren89@hayes.net,8850595084
30434,Smith Ltd Restaurant,55169 Christina Garden Apt. 243,Port Scotttown,NC,40780,jesse44@payne.biz,8410350185
30435,Sanders LLC Restaurant,63429 Lane Village Apt. 402,North Anne,AL,54207,barreramiranda@banks.com,7997735704
30436,Williams-Doyle Restaurant,7649 Benson Freeway,Port Philip,WY,93321,kellydavis@smith.com,1666649862
30437,Frazier-Horton Restaurant,994 James Terrace,Owensshire,MD,67781,ahall@swanson-galloway.net,3108650843
30438,White-Gregory Restaurant,82779 Harrell Spurs Apt. 056,Smithview,SD,56239,garrettjerry@carrillo-murphy.com,9513263815
30439,Rodriguez PLC Restaurant,08537 Morales Center,Stanleyport,KY,11446,yatesshirley@shepard-boyd.info,9839241045
30440,"Green, Jones and Cohen Restaurant",774 Martinez Ford Apt. 098,West Jennifer,RI,47738,hopkinsjoy@shaw-white.com,7913387209
30441,Becker and Sons Restaurant,5541 Jarvis Track,South Jennifer,ND,23872,youngkristi@rodriguez-mcguire.com,7552220094
30442,Ray-Gutierrez Restaurant,6007 Alyssa Parks,Nolanport,PW,64419,tammyhamilton@nelson.info,5532213052
30443,Pierce Inc Restaurant,47228 Jessica Greens,Port Deborah,FL,68746,austin29@anderson.com,6017852834
30444,Ferguson-Joseph Restaurant,8762 Louis Union Apt. 459,West Danielfort,GA,52745,andrehernandez@wright.com,7364212979
30445,"Stevens, Baker and Smith Restaurant",95804 Bradley Keys Apt. 775,New April,VT,44556,nathanielflowers@price.com,2620579080
30446,"Craig, Reese and Mccarty Restaurant",6034 Kenneth Ferry,East Crystal,WI,40719,shepherdlauren@gutierrez.com,8155395357
30447,Mcclure and Sons Restaurant,89629 Charles Oval,Jasminestad,NC,34109,mariasimmons@carroll-russell.com,6935558899
30448,Garcia-Clay Restaurant,88372 Johnson Place Apt. 502,Port Joanna,OR,19245,alexandrameadows@scott.com,8520080150
30449,Glenn Group Restaurant,40159 Abbott Ports,Port Kayla,AK,47283,johnstevenson@dudley.com,4396452675
30450,"Thomas, Morgan and Jones Restaurant",349 Paula Ways Suite 101,Robinland,WI,78903,ljones@graham.com,4451467611
30451,Cruz-Lane Restaurant,573 Kimberly Points Suite 121,Harrisonshire,MO,25840,lawsonrobert@moore.biz,1121215502
30452,"Compton, Kim and Torres Restaurant",18568 William Lights,West Ericaland,ID,48850,johnsonjeffrey@franklin-gilbert.biz,3399516518
30453,"Weber, Campbell and Larson Restaurant",529 Johnson Rapid,Lake Matthewborough,PA,49348,laurabarnett@lawson.com,5942718049
30454,Parker-Cochran Restaurant,33219 Marvin Alley Apt. 339,North Karen,WY,39600,katherinehaney@hurley.info,9589024163
30455,Miller-Cook Restaurant,6062 Acosta Trail Suite 140,Griffinmouth,KS,29492,ljames@suarez.net,5463181723
30456,"Anderson, Shepard and Bryant Restaurant",761 John Lodge,North Elizabeth,RI,31846,waltercampbell@miller.com,1912873127
30457,"Gonzalez, Wade and Abbott Restaurant",310 Garcia Junctions Suite 214,Edwardsview,DE,26677,rrivera@johnston.com,3918260794
30458,"Byrd, Watson and Riley Restaurant",90353 Erin Oval,Bryanmouth,WY,20496,powellcraig@butler.com,4538360667
30459,"Murray, Brown and Ochoa Restaurant",323 Eric Island Apt. 832,Lake Sandraburgh,CT,16352,frenchheather@brown.com,7774402885
30460,Robinson-Mccarthy Restaurant,9382 Debbie Rapids Apt. 532,Kelseyfurt,SD,25164,kim59@graves.net,8414137531
30461,Scott-Cole Restaurant,53887 Samuel Viaduct,Port Lisahaven,UT,39762,valeriewood@quinn.com,5264191779
30462,Myers-Nunez Restaurant,4676 Andrew Streets Apt. 125,New Katelyntown,FL,22058,lindsey51@tate.com,1850951726
30463,"Gardner, Johnson and Jenkins Restaurant",55694 Robin Cape,South Spencermouth,ND,13398,wmurray@bryant-brown.com,4581146687
30464,Harrison-Mccormick Restaurant,904 Preston Ferry,Lyonsland,PR,55333,moconnor@frazier.com,2204295797
30465,Mcknight Inc Restaurant,60939 Reyes Mission Apt. 475,South Molly,VI,49208,javiergood@dawson.com,9035537395
30466,Phillips and Sons Restaurant,9745 Riley Cliffs,Lake Audrey,OK,33256,andrea12@green-parrish.biz,2680071926
30467,"Jones, Garza and Turner Restaurant",8057 Jodi Ramp,Gregoryland,MN,87715,amandacruz@duran.org,6704940879
30468,Chambers PLC Restaurant,15157 Shaw Square,Chloeshire,AZ,24055,klong@tucker.org,9456406593
30469,Copeland-Allen Restaurant,80865 David Tunnel Apt. 501,Kristinefort,WI,56801,james44@long.org,3992615657
30470,Rodriguez-Bailey Restaurant,9492 Albert Extension,Port Gabrielside,NH,97499,carrie96@ruiz-perez.com,6520305966
30471,"Fowler, Garcia and Garcia Restaurant",5813 Davila Haven,Ryanport,MP,62676,ruth68@pineda.com,4242625800
30472,Baker-Jackson Restaurant,797 Hill Club Suite 424,New Kimberly,CO,70032,kaitlinrhodes@clements-newman.org,7281719684
30473,Elliott and Sons Restaurant,50766 Brock Trace,New Jared,DE,20245,ashley10@mann-ford.info,4141329300
30474,Hart PLC Restaurant,69745 Harrison Villages,East Kimberlyport,SC,39761,alyssapayne@hale-marshall.com,7625002545
30475,Barnes-Williams Restaurant,508 Weber Skyway Apt. 344,North Lauren,GU,91738,ronnie56@foster.com,8251973621
30476,Grant-Mullen Restaurant,4047 Eaton Plaza,Matthewbury,WY,17499,ariley@west.net,3319253703
30477,"Clark, Brown and Lynch Restaurant",8602 Karen Forge Apt. 531,Port Jessicafort,AS,24207,salvarez@white-villarreal.com,5026725199
30478,Cole-Calderon Restaurant,926 Chad Plains,Harmonshire,MP,55845,khowell@king.com,4424071509
30479,Fitzgerald-Kennedy Restaurant,60295 Mckinney Mills,Lake Jasmine,ID,98841,jeremyscott@bowen.org,7521720504
30480,Walter and Sons Restaurant,16702 Jamie Park,Taylorview,ME,22156,matthew46@hunter-taylor.com,7121347835
30481,Beard-Smith Restaurant,25070 Shane Drive Apt. 907,Mooreburgh,CO,98179,matthewkelly@chavez.com,4606446579
30482,"Wolfe, Romero and Harper Restaurant",840 Michael Lakes Apt. 931,Jenkinstown,NE,90735,lisa81@johnson.net,8244971974
30483,"Smith, Garcia and Vasquez Restaurant",57633 Jamie Highway,North Eric,PA,28907,kevinbean@rubio.info,6191798005
30484,Zuniga-Williams Restaurant,759 Faith Ridges Suite 471,North Amy,OR,27966,glennkristy@gonzalez.com,1505401862
30485,Chavez-White Restaurant,043 Timothy Mountain Apt. 750,Smithville,NV,15968,stephen79@sullivan.com,8068598623
30486,"Reid, Gordon and Cruz Restaurant",6537 Moreno Corner Apt. 851,East Alexandraside,IN,53875,brandon30@perry.com,1443091429
30487,Jackson LLC Restaurant,8871 Kim Mills,Port Michelechester,UT,64946,madeline68@campbell-walters.info,4152483820
30488,Pierce-Fox Restaurant,46157 Stevens Manors,South Dawntown,NE,27408,sabrinawolfe@arnold.com,5517247151
30489,Evans LLC Restaurant,2370 David Keys Apt. 124,South Derekberg,DC,50414,ariasjonathan@evans.com,9146830037
30490,Carlson LLC Restaurant,511 Jones Turnpike Apt. 840,East Scott,AK,19599,michellebarrett@wilson.biz,5390191082
30491,"Rios, Mccullough and Goodman Restaurant",470 Gina Crescent Suite 202,Owensburgh,AS,54040,jeff92@peterson.com,4086452098
30492,"Hernandez, Knight and Barnes Restaurant",68144 Crawford Lane,East Michael,NJ,41365,pdonovan@bray-barnes.biz,3980605385
30493,Mcintyre Ltd Restaurant,3296 Gallegos Burg Suite 765,East Gregory,NE,58573,benjamincox@cross-haas.com,9861408940
30494,"Green, Harding and Kennedy Restaurant",4030 Cobb Squares,Martinezstad,SD,32654,vspencer@allen.org,6781990353
30495,"Weiss, Carney and Duffy Restaurant",5869 Jasmine Land Apt. 517,South Kevinfurt,ME,72364,annagarza@medina.com,5251710017
30496,Collins-Foster Restaurant,86000 Lisa Hills Apt. 132,Rebeccachester,CA,16706,xmunoz@colon.org,8101507893
30497,"Tate, Wagner and Jacobs Restaurant",8441 Katie Mission Apt. 292,Theresahaven,NC,73868,costasteven@hall-hughes.biz,7363923050
30498,Brewer-Thompson Restaurant,086 Dawn Port,East Jeremyhaven,NJ,18279,vicki21@richard.com,1317906057
30499,Copeland-Patterson Restaurant,758 Juan Forge,North Jay,WI,84666,uyates@combs-roberts.com,6111352802
30500,"Jones, Smith and Chapman Restaurant",775 Timothy Ville Apt. 444,Rojasport,NC,62413,vanderson@ware.com,1778891147