SupplierID,SupplierFirstName,SupplierLastName,SupplierContactNumber,SupplierEmailID,SupplierStreet,SupplierCity,SupplierState,SupplierZipCode
70001,Sherry,Padilla,6519969827,walkertracy@example.net,20543 Lloyd Inlet,Chadhaven,GU,13132
70002,Janet,Wilson,9880764308,david46@example.com,099 Ramos Brook,Justinfurt,NJ,50365
70003,Megan,Gonzales,3024958351,amandafoley@example.org,662 Emily Ramp Apt. 358,Port Amber,NV,43452
70004,Andrew,Simmons,8956375933,davishunter@example.org,9405 William Prairie Suite 476,East Carolineburgh,MO,99535
70005,Cassandra,Carlson,7405951131,boydmichael@example.org,234 Murphy Key,Tammychester,MA,32373
70006,Jonathan,Webb,6460465134,victoria38@example.net,4191 Daniel Station Suite 044,West Allisonshire,DC,93615
70007,Sara,Johnson,1205215031,donald07@example.org,96530 Abigail Valley,Lake Erik,TX,53689
70008,Joy,Carter,3433128620,jacob90@example.org,640 Danielle Squares Apt. 715,Lake Nathanielberg,NC,34737
70009,Amanda,Morris,1859793342,uwheeler@example.com,23590 Pena Plaza Suite 636,Martinfort,NJ,93099
70010,Edward,Barnes,7559627111,josephwolf@example.org,868 Jordan Freeway Suite 615,Martinezfort,MO,15964
70011,Misty,Moss,1494848340,michael28@example.com,829 Ann Oval Apt. 368,South Joshua,FL,62828
70012,Janice,Callahan,2961763389,shelly95@example.net,312 Morris Radial Suite 879,Smithtown,MI,21926
70013,Timothy,Rodriguez,7907453089,hallbradley@example.org,2575 Heather Fields Suite 005,Kimberlyview,AK,48069
70014,Karen,Case,5870397790,nicholasvelez@example.net,0256 Stewart Burgs Apt. 615,Castrofurt,WI,24394
70015,Dustin,Horton,2885829686,dwhitehead@example.org,665 Becker Forges,Lake Elizabeth,WI,46248
70016,Kim,Schroeder,9953413193,lbarton@example.net,2495 Romero Squares,New Richardberg,AS,81294
70017,Jacob,Carr,5304729704,brittanyvaldez@example.com,88090 Hall Square,Williamsberg,PA,63420
70018,Randall,Lee,3329120325,jonathanmccarthy@example.net,9770 Blake Forest Apt. 738,South David,MN,71853
70019,Daniel,Hicks,8447234795,yrandolph@example.net,118 Marshall Mission Apt. 652,South Jonathan,NY,51897
70020,Jennifer,Chapman,8503261179,sweeneyfrank@example.com,43679 Sydney Trail,Dennismouth,IN,17136
70021,Kevin,Weber,6186854614,sheltonrandall@example.org,82609 Ryan Pike Suite 079,Owensburgh,AL,51979
70022,Cody,Martinez,8371495570,hernandezmichael@example.net,96836 Travis Village Apt. 083,Williechester,AR,62119
70023,Casey,Hale,4424471771,michelle85@example.org,278 Dunn Prairie,Kellyport,VI,74254
70024,Brett,Thompson,5994757571,dunnmichele@example.org,81326 Lucero Parkway Apt. 955,New Fernandoberg,VT,89222
70025,Marissa,Mccoy,5574333611,riveragary@example.com,85234 Flores Port,Kristymouth,CO,86284
70026,Caleb,Anderson,9046462986,ndavis@example.com,8499 Kyle Run,Grayton,DE,95578
70027,Catherine,Flynn,2466974894,stacey15@example.net,35221 Johns Meadows,Aaronshire,MD,71452
70028,Spencer,Howard,8508391325,david98@example.net,52823 Ryan Ramp Suite 063,Devinshire,WV,15710
70029,Linda,Johnson,1307281232,ewilliams@example.net,02878 Ashley Course Apt. 252,Erinborough,IA,38205
70030,Robert,Johnson,3453223779,ryan37@example.net,2079 Crystal Center,Michaelton,OK,68098
70031,Mary,James,7950919962,ralphrush@example.com,5510 Andrew Turnpike,Flowerston,KS,92288
70032,Steven,Moore,7223525946,wardadam@example.net,047 Wilson Plaza Apt. 128,North Gregory,SD,21866
70033,Angela,Steele,2024674698,jonathan84@example.com,72085 Scott Crescent,Williehaven,NH,18238
70034,Blake,Porter,1394038322,elizabethhaley@example.org,08374 Megan Extensions,East Kimberly,MP,70648
70035,Joshua,Collins,6550499200,thenson@example.com,92446 Connor Common Suite 520,North Dylanchester,NY,31572
70036,Amanda,Nguyen,7434594847,jvalencia@example.org,0247 Cantu Fords Suite 081,West Joshua,NC,66810
70037,Stacey,Gillespie,1524879517,christaylor@example.com,5774 Tyler Overpass,Michelleborough,MT,73518
70038,Brian,Hess,8833245148,wareelizabeth@example.com,9170 Gina Ways,West Jenniferburgh,FL,77579
70039,Samantha,Nelson,5310762483,wheelersteven@example.net,8067 Tyler Squares Apt. 922,Samanthafurt,AR,42822
70040,Makayla,Day,3681667704,cynthiacunningham@example.net,3853 Jeffrey Rapids,Jordanchester,ME,48753
70041,Courtney,Flynn,9611000919,keithmiller@example.org,39327 Owens Place,Chenton,MO,39705
70042,Brandon,Huynh,5256828541,travisromero@example.com,88772 Mason Circle Suite 493,Jasminefurt,TN,54954
70043,Sean,Palmer,5089009282,joshua86@example.org,82442 Michael Mountains,Riveraport,MO,82349
70044,Jeffery,Kerr,8487359366,veronicageorge@example.org,109 Watkins Underpass,East Aaron,CO,88464
70045,Scott,Gray,6114110830,samantharamos@example.org,475 Fischer Square,Gomezmouth,FL,69728
70046,Tracy,Lane,3823364800,benjamin19@example.org,413 Rebecca Flat,Bethanyfurt,TN,87171
70047,Derek,Miller,3195752004,nwoodward@example.com,3614 Heather Centers Suite 673,Littlestad,LA,35083
70048,Christopher,Black,1176195895,sclark@example.org,92133 Crawford Burgs Apt. 499,Port Scottborough,FL,99042
70049,Amber,Franklin,8293073091,glopez@example.org,930 Robert Divide Suite 967,New Wendy,ND,24847
70050,Elizabeth,Kelly,3684678044,michael19@example.net,0729 Henderson Dam,Jenniferberg,WY,58210
70051,Dominique,Golden,7335866302,fcurtis@example.org,67112 Gonzales Valley,Saunderstown,CO,54391
70052,Benjamin,Cherry,5832120224,brian13@example.net,15772 Jessica Hills Apt. 060,South Rachel,DE,69551
70053,Andrea,Freeman,5892459473,vcameron@example.org,1758 Jackson Burg,West Brittany,DC,62511
70054,Brittany,Vega,4938372078,josephcarter@example.net,70128 Johnson Divide,South Robert,TX,83214
70055,Lisa,Johnson,9456879018,littlestephanie@example.net,1739 Thomas Ridge,Amandashire,DE,51210
70056,Brian,Bell,3568243820,dawn18@example.net,263 Lewis Highway Apt. 004,Kellerborough,NH,73926
70057,Tyler,Ferrell,5337842073,richardsonjessica@example.net,36365 Timothy Road Apt. 836,Ortegastad,UT,58354
70058,Ashley,Smith,6542314904,robinsonnicholas@example.org,536 Little Junctions Suite 784,West Matthewbury,KY,95334
70059,Elizabeth,Bell,4975790870,staceygutierrez@example.org,286 Taylor Stravenue,Webbview,FM,15158
70060,Lisa,Fuller,6706231039,courtney35@example.net,63612 Le Street Suite 609,Kristibury,OR,53995
70061,Michael,Leonard,8284795173,jasminehayden@example.com,29902 Phillips Parkway Apt. 861,Gomezview,MP,72850
70062,Shelby,Martin,1814422937,williamsjonathan@example.com,9570 Rodriguez Greens,Cochranport,IN,65752
70063,William,Martin,9559045415,jamie72@example.org,2635 Mathis Pines Apt. 749,Carolville,WA,60795
70064,Colleen,Mcgee,3271976385,sarashort@example.net,36061 Gordon Isle Suite 566,East Alexismouth,OK,92033
70065,Jacob,Smith,9096864518,thomas84@example.net,64134 Davila Motorway Apt. 573,New Reginaville,KY,78459
70066,Jessica,Wilkerson,1861128093,mariahbarton@example.org,588 Shannon Landing,New Mark,NY,14137
70067,Eugene,Anderson,7565753191,ohernandez@example.org,80553 Brian Hills,Marquezview,MO,56726
70068,Melvin,Santiago,7352883372,nathaniel32@example.org,04953 Jack Mountain Suite 727,East Martha,GU,66140
70069,Jennifer,Russo,5341691753,stonetraci@example.com,89473 Alex Green,East Carolyn,AL,33704
70070,Sean,Lopez,8153116104,aboyd@example.org,786 Black Falls,Michaelchester,AS,52018
70071,Justin,Reyes,5905877357,heatherrussell@example.net,822 Wilson Squares,Laurenport,WV,72672
70072,Cheryl,Pacheco,4597241225,jimenezmichael@example.com,9700 Diaz Overpass,South Justin,NY,70302
70073,Cory,Stark,9105396752,lanejohn@example.net,04268 Salazar Course Suite 428,Port Candace,MN,75621
70074,Anthony,Rivera,1022326230,cruzdavid@example.com,929 Daniel Mill,Lake Andrewberg,SD,76491
70075,Patrick,Larson,1855776916,garretterin@example.net,47734 Keith Brook Suite 590,Spencerton,KS,38781
70076,Alexandra,Raymond,4031517538,michele52@example.org,573 Newman Knoll,West Alexandria,GA,79594
70077,Nicole,Meyer,6695083633,wjohnson@example.com,8465 Charles Dale,Nguyenview,VA,44917
70078,Ann,Frazier,4829858056,damon59@example.com,02961 Williams Trace Apt. 160,Lake Samuelville,AS,47481
70079,Carol,Gardner,1717215838,evansmatthew@example.org,32858 Carroll Loop Apt. 311,East Karen,IN,52518
70080,Julie,Davidson,8510976274,shelbyrodriguez@example.org,460 Clayton Coves,Port Cindyside,OH,51094
70081,Douglas,Ruiz,5694099378,psanders@example.org,71882 Carrillo Forges Apt. 083,Elizabethtown,NV,33761
70082,Joseph,Wood,4089703998,sotodavid@example.org,7661 Cameron Gateway,Jodiside,UT,53369
70083,Whitney,Hess,2122461096,zhenderson@example.org,296 Pamela Path Apt. 492,Robertsbury,VI,32045
70084,Theresa,Crawford,5932032576,littlechristopher@example.org,02751 Wright Course,Lisatown,VI,23834
70085,Susan,Thompson,2559926066,pmason@example.com,339 Christopher Harbor Suite 419,East Williamchester,GU,63051
70086,Anthony,Murphy,2116620394,englishpatricia@example.net,66621 Kristin Meadow,Amyburgh,FM,48526
70087,Robert,Pugh,5377182649,zachary44@example.com,2606 Daniel Causeway Suite 052,New Crystal,VT,91369
70088,Kathryn,Goodman,8936855484,michael39@example.com,5526 Jason Street,Lake Gary,PW,73510
70089,Jeffrey,Marsh,4219731955,anthony79@example.net,36481 Alan Square Apt. 596,Scottstad,OR,36302
70090,Lisa,Diaz,6916620260,richardwilliams@example.com,491 Gina Union Suite 484,North Dwayne,KY,26566
70091,Robert,Key,3663034878,mitchellkevin@example.com,50711 Breanna Ramp Apt. 352,Port Barrybury,TN,69256
70092,Eric,Bird,8740820983,kaufmansamantha@example.net,50630 Gordon Hills,Phillipsside,DE,69784
70093,Joseph,Smith,6020610393,lindabradshaw@example.com,547 Alexander Trail Apt. 221,Port Barbaraburgh,FM,95160
70094,Benjamin,Stuart,9666340207,luissanchez@example.com,2642 Jennifer Greens,Hernandezview,PR,36716
70095,Timothy,Rose,8771155754,yshepherd@example.net,283 Mcclure Inlet,Jonmouth,RI,59763
70096,Jamie,Baker,6609118536,phillipssamuel@example.org,8107 Rodriguez Rapids Apt. 346,Garciashire,MO,29695
70097,Eric,James,1397795618,jasonbarry@example.net,9550 Amanda Ramp,Kingshire,OR,10614
70098,Patricia,Peters,7123355498,rochamary@example.com,028 Morris Place Suite 424,Mcintoshborough,RI,81225
70099,Trevor,Allen,7015583183,smithtracy@example.net,29085 Rhodes Lodge Suite 158,Lake Jared,DE,82471
70100,Johnathan,Mcdaniel,1624378002,robertrice@example.com,9011 Stacey Garden,Markfort,PR,77756
70101,Melissa,Williams,1000770938,joneschloe@example.net,583 Schmidt Park,Diazbury,PW,15285
70102,Thomas,Taylor,3295787445,brandtlisa@example.com,68730 Christina Mission,Lake Steven,NH,44804
70103,Mark,Reed,9501479913,reedjon@example.org,969 Johnson Stream,New Christineport,IL,47439
70104,Mallory,King,2969659330,xtran@example.org,775 Christopher Ridges Suite 356,Kyleland,SC,29241
70105,Joseph,Callahan,9003429013,gregoryholmes@example.net,31028 Raven Knolls,Thomasmouth,IL,98306
70106,Cody,Gonzalez,4284990837,lindseycook@example.com,679 Henry Plains Apt. 159,Levystad,MD,24807
70107,Stephanie,Hansen,5861698976,shawnmedina@example.com,434 Parrish Causeway,Toddborough,NH,82657
70108,Natalie,Vega,4010614195,uhanson@example.net,8066 Smith Rapids Apt. 221,North Bradmouth,AL,97717
70109,Brian,Santiago,5973426840,yanderson@example.com,814 Hale Throughway,Taylormouth,WV,51165
70110,Julia,Baker,2053896825,ana20@example.com,70910 Brittney Valleys,New Anthony,OK,62988
70111,Andrew,Pena,9709141988,jcoffey@example.com,82224 Jeffrey Green,Jameston,AR,38041
70112,Stephanie,Turner,9455302508,renee03@example.org,140 Morales Pass Suite 095,Juanburgh,IL,58056
70113,Samuel,Torres,1564713225,christine71@example.com,36483 Elizabeth Plains Suite 375,North Nancy,ME,49691
70114,Michael,Jones,7148841531,mchavez@example.org,947 Thompson Gateway,Lawrenceport,RI,46101
70115,Megan,White,5979667777,mirandaalicia@example.net,7336 Wheeler Fords Suite 165,Dudleymouth,KY,59342
70116,Michele,Chapman,3965494201,emcdonald@example.org,9537 Koch Divide,North Pamela,ID,59474
70117,Raymond,Woodward,3361990691,vrivera@example.net,0179 Pace Spurs Suite 186,Josephfurt,NV,78458
70118,Henry,Rogers,8981276130,daviddyer@example.org,54934 Robinson Heights Suite 890,New Wesley,FL,44182
70119,Toni,Hall,6837921879,john51@example.com,001 Laura Cape,Ayersland,VI,48990
70120,Laurie,Gordon,8224862820,ashley76@example.org,478 Kenneth Light,East Jennifer,NJ,12329
70121,Brandon,Mccoy,4334011940,eyang@example.net,4916 Douglas Green,Port Brett,WV,50420
70122,Melinda,Thomas,4278510312,aaron90@example.net,499 David Villages Apt. 442,Port Kirk,ND,25896
70123,Christina,Murphy,6647306169,geverett@example.com,039 David Mountains Suite 198,South Renee,MI,62773
70124,Ryan,Rogers,1619825008,jaclynhudson@example.org,788 Brittany Trafficway,Vincentbury,NJ,58701
70125,Daniel,Ross,2969566365,jonesjames@example.net,400 Alan Branch Apt. 809,Mossland,MT,49584
70126,Edward,Owens,9735901054,ronaldlang@example.com,17785 Kenneth Circles Apt. 079,East Sharon,PA,80301
70127,Kathryn,Anderson,2577368675,zvasquez@example.net,02774 Brian Oval,South Donald,VI,99844
70128,Carolyn,Moore,3062737145,lyonstoni@example.net,29055 Christine Forges,Collinsside,MH,80025
70129,Samantha,Wall,4377292921,david21@example.net,3722 Gonzalez Roads Suite 518,Hernandezshire,MP,65488
70130,Melissa,Perez,7720496517,kliu@example.org,05361 Shawn Lake Apt. 858,Morganland,FM,37677
70131,Ian,White,4600207405,jcampbell@example.com,156 Kathryn Village Suite 840,Wardtown,KS,46301
70132,Mark,Simpson,1276753278,rachelfrank@example.com,280 Francis Ways Apt. 028,New Jorge,DE,55227
70133,Francisco,Washington,2754536532,priscillahicks@example.net,5273 Hicks Walks Apt. 660,Kennethstad,WV,53800
70134,Alexandra,Smith,8311334190,nathan88@example.net,3871 Megan Ferry,Lake Johnchester,NJ,94730
70135,Jessica,Luna,5995675879,danieljohnson@example.com,59632 Jennifer Throughway,Janetside,MI,52444
70136,Keith,Rodriguez,2269025709,lindaroberts@example.net,03117 Joseph Orchard Suite 050,South Vickie,SD,91469
70137,Kathy,Morales,4892892348,ucompton@example.org,3622 Cory Expressway Apt. 658,Millsfurt,KS,68749
70138,Carrie,Mccann,5692891323,daniel66@example.net,720 Rodriguez Square Apt. 318,South Timothyside,HI,12130
70139,Jonathan,Paul,2970957859,annalindsey@example.org,789 William Spur Apt. 264,Downsfort,TX,36595
70140,Samantha,Carter,6367339173,edgarwilson@example.com,140 Amy Pass,Harringtonbury,VI,74083
70141,Lee,Chavez,3947494365,tracymason@example.com,983 Cooley Junctions,New Michaelberg,AR,82520
70142,David,Bennett,6601174385,stewartkelly@example.org,9120 Carter Stravenue Suite 737,West Matthew,GU,40777
70143,Neil,Berry,5781750313,glopez@example.com,6335 Randy Mountains,Lake Shawnberg,TN,64450
70144,Desiree,David,5932827601,thomasfritz@example.com,20257 Tiffany Parkways,Angelaland,ND,88909
70145,Allison,Klein,8440640320,brewerdanielle@example.com,789 Good Curve,Mooreton,MD,92456
70146,Nicholas,Collins,2013688338,gentrymatthew@example.net,84812 Wilkinson Corner,Lake Erica,MT,76551
70147,Michelle,Saunders,2754847768,ryan94@example.net,04352 Courtney Squares,West Kyle,MT,26492
70148,Deborah,Lee,1529810543,fsnyder@example.net,37341 Arroyo Lodge,East Rogerbury,HI,34291
70149,Andrea,Williams,6464198402,ryan41@example.org,56591 Jason Trail,West Phillipborough,LA,76371
70150,Gerald,Hendricks,1292416618,jmanning@example.com,4401 Bell Flat,North Haleyberg,FM,23414
70151,Sheila,Ortiz,6073909281,austin20@example.net,833 Theresa Mall Apt. 860,Cruzchester,AR,85641
70152,Kelly,Warren,3829301556,kirkricky@example.org,431 Friedman Lodge,Kevinchester,KS,32124
70153,Jesse,Wilson,8207740285,kelleyalan@example.org,1367 Kathleen Landing Apt. 041,South Paula,DE,54406
70154,Kathleen,Marks,7710686453,nharris@example.org,77184 Miles Parks Apt. 614,Smithfort,DE,99781
70155,Connor,Payne,6809342531,amanda43@example.org,492 Weeks Parkway,South Zoe,UT,74957
70156,Erica,Gutierrez,2678603520,ywarner@example.org,574 Mcfarland Flats,North Cheryl,MP,14560
70157,Joseph,Rogers,4614506860,fgardner@example.org,55691 Carroll Fields,Shafferburgh,MH,44340
70158,Bryan,Wolfe,7181136083,carrillogary@example.net,5639 Chen Views Suite 879,West Adamtown,ME,61271
70159,Rachel,Brewer,9764321720,jeremytodd@example.net,3037 Banks Keys Apt. 477,Carrland,AK,22273
70160,Karen,Moon,7469254608,anna75@example.net,8336 Oconnell Mall,Larryside,MP,96686
70161,Krystal,Bryant,8859798011,watkinsalison@example.com,027 Glenn Knolls Suite 725,North Taylor,CO,25185
70162,Martha,Green,3528271559,bsims@example.org,3959 Kathleen Pines,Samanthafurt,NM,42085
70163,Tracy,Hill,4658283512,watsontyler@example.com,175 Dominguez Overpass,North Benjamin,AL,59809
70164,Jennifer,French,7229766731,joseph09@example.com,45787 Martinez Forest,New Diane,IL,51111
70165,Mark,Brown,6446623152,david88@example.net,6451 Reid Squares,Woodhaven,MO,71752
70166,Sabrina,Stephens,3765512215,daniel45@example.org,96659 Swanson Locks,South John,VT,54505
70167,Dawn,Mosley,9616298715,zmeyers@example.net,90095 Chandler Alley Suite 693,Kelleyton,GA,41792
70168,Micheal,Pittman,5993597189,hutchinsonnatasha@example.org,96920 Sierra Pike,Sandersland,OK,55796
70169,Stacey,Peterson,8987833570,jesse15@example.org,32703 Gina Expressway,Barbaraton,MI,74285
70170,Vanessa,Parsons,1229201465,ecabrera@example.com,527 Joseph Port Suite 206,West Nathanhaven,AR,61312
70171,Emily,Eaton,9063955230,johnnykirby@example.net,93019 Perkins Rapids,Lake Melissastad,NH,52326
70172,Amanda,Bush,9465318507,johnsonhayley@example.com,794 Allen Lights,North Larryville,WI,82127
70173,Shannon,Black,3697681139,dianamartinez@example.net,54314 Angel Burgs Apt. 935,Brownshire,SD,56080
70174,Evelyn,Paul,5554664447,anna37@example.net,55414 Best Trail,New Jenniferbury,MP,90871
70175,Travis,Davis,2980032700,john30@example.org,99657 David Springs Suite 045,Buckleyfort,WV,37874
70176,Kyle,Klein,6799736255,mark81@example.org,833 Johnson Isle Apt. 475,East Loriport,NC,76512
70177,Bradley,Floyd,3130543217,lindaanderson@example.net,97330 Keller Trail,Campbellhaven,NY,73340
70178,Christopher,Oliver,4978336170,curtis07@example.net,2520 Gregory Glens,New Jaredville,IN,39123
70179,Brian,Lewis,2472404172,peggy58@example.org,718 Beck Ferry,Victoriafort,MI,43629
70180,Robert,Barry,6702735439,rodneyhenry@example.com,11121 David Walk Apt. 145,Thomaschester,MO,93837
70181,Carrie,Tucker,4940320654,charlesjohnson@example.net,861 Rogers Fields,North Patricia,MO,33738
70182,Katherine,Price,1765861721,williambailey@example.org,30318 Bell Track,Kathybury,MD,66056
70183,Joshua,Moore,9443579899,ramirezjulie@example.com,4259 Kathryn Crossroad,Maxwellfort,WA,30928
70184,Tyler,Thomas,9459939152,ashleyarmstrong@example.org,73626 Macdonald Dam Apt. 893,Kevinburgh,TX,91023
70185,Ralph,Gamble,8451621827,browndustin@example.net,0944 Brown Crossing Suite 087,New Tracieport,MA,82800
70186,Joseph,West,3680570949,stephen27@example.org,694 Rodriguez Terrace Suite 456,New John,IN,13074
70187,Ashley,Lopez,4460527236,blackburnjacqueline@example.org,882 Sullivan Spur,Haysbury,WY,40089
70188,Tonya,Alvarez,9208121284,freemantyler@example.org,7361 Clark Garden,North Johnside,GU,70964
70189,Jeremiah,Brown,4621805162,huntbrenda@example.com,5550 Frazier Meadows Suite 211,West Richardmouth,OR,59353
70190,Sarah,Moss,1131345817,joshuafoster@example.net,756 Giles Course Suite 068,Cassandraview,ND,74552
70191,Joseph,Anderson,6475457831,mezatheresa@example.net,5512 Jennifer Lakes Suite 658,East Danaburgh,OK,56771
70192,Daniel,Graham,2728709093,gardnermatthew@example.com,4498 Hughes Shoals,New Michaelstad,OH,92267
70193,Anthony,Martinez,9055702162,sallen@example.net,307 Randall Circles Apt. 699,South Benjamin,DE,46665
70194,Amanda,Mcconnell,9837623997,miagutierrez@example.org,37787 Baird Glen,Shannonburgh,SC,40487
70195,Victoria,Bowen,8373794834,moorechristina@example.org,50262 Garza Loop,Markfurt,WA,52574
70196,Virginia,Vaughn,2275303913,mking@example.net,05406 Evans Inlet Apt. 048,Taylorfurt,CT,68219
70197,Shane,Anderson,1903589216,deborahsimpson@example.org,263 Meadows Mountains,South Julian,PW,91811
70198,Michael,Weaver,2016095333,ijames@example.org,81194 Walters Shores Apt. 320,Lake Jamieport,IA,98422
70199,Kristi,Hamilton,3738289186,mcguiresuzanne@example.net,52547 Kyle Circle,Smithshire,MT,69426
70200,Joshua,Raymond,9093343886,mark99@example.net,417 Clark Canyon Suite 722,North Sarahburgh,MN,63026
70201,Steven,Andrews,5840993045,anna71@example.org,38445 Bell Walk,Nashborough,DE,98078
70202,Lindsay,Rowland,1007800703,ronald79@example.org,7155 Johnson Forks Suite 769,North Meganside,GU,37092
70203,Marcus,Brown,6744125407,craig04@example.com,4184 Small Springs Suite 637,Lake Jamesberg,GA,37209
70204,Amber,Allen,4070329397,turnerkimberly@example.com,708 Johnson Place Apt. 564,West Alison,NJ,79606
70205,Michael,Pearson,5342236690,egreen@example.org,3415 Walter Centers Apt. 565,Branchshire,VI,45948
70206,Charles,Ewing,9807478612,ryan32@example.net,05564 Gibson Divide Apt. 620,Lake John,MA,37630
70207,Megan,Duke,6387371133,jesse49@example.net,5313 Wright Walk Apt. 479,Port Erinshire,MS,49468
70208,Keith,Gray,5627079957,tanya29@example.org,838 Richard Bypass,West Zacharyhaven,VI,15073
70209,Christopher,Huffman,4644422518,andre66@example.org,7346 Harper Skyway Apt. 789,South Williamland,NE,45116
70210,John,Barnett,1247396850,stephen19@example.org,254 Butler Ways Suite 847,Burnsport,VT,28333
70211,Kelly,Kelley,2381304010,hartmanheidi@example.net,1614 Wilkins Mountain Suite 615,Martinburgh,OR,46092
70212,Mark,Davis,1000251872,bmacdonald@example.com,15227 Laurie Garden,Port Dannyport,TX,98898
70213,Louis,Walter,6335271256,umiller@example.org,730 Susan Tunnel,South Lauren,VT,86412
70214,Stephanie,Parker,5087086192,pfrye@example.org,01445 Lisa Ways Apt. 447,Robertsstad,DE,76966
70215,Nicholas,Webb,1551853865,imann@example.com,341 John Ridges Apt. 673,South Joshua,MP,43296
70216,Jennifer,Powell,5748733790,patrick54@example.org,107 Wayne Shore Apt. 080,East Timothybury,WA,26216
70217,Jessica,Savage,2718801935,lisastephens@example.org,64548 Reed Mills,North Heidi,NC,47172
70218,Matthew,Cox,3529552919,ryan65@example.net,198 Morgan Village,Tinaside,FM,66916
70219,Laura,Hopkins,6868482873,onealtiffany@example.net,8872 Brown Canyon Suite 817,Richardshire,VA,77170
70220,Brian,Barnes,8052457411,mccarthyheather@example.net,466 Smith Inlet Apt. 454,Jeremystad,GA,32349
70221,James,Baldwin,8315861687,smithcatherine@example.com,730 Shirley Keys,Welchmouth,MD,20281
70222,Brandon,Burton,7290025902,branchjoe@example.net,376 Darryl Trail,North Jameshaven,OH,62994
70223,Patty,Harris,7676668131,aoliver@example.com,00026 Derek Shoals Apt. 712,North Melissamouth,PW,56816
70224,Jennifer,Rich,9107762836,robinsonandrea@example.net,8397 Michael Isle Apt. 504,Annettetown,NJ,56072
70225,Taylor,Barnett,3653972739,bjenkins@example.com,60478 Lee Trail,Martinezborough,OH,54711
70226,Tiffany,Byrd,6893477045,ujohnson@example.net,858 Elizabeth Shoals,Hicksshire,OR,51692
70227,Aaron,Farrell,7918617623,cochrankathy@example.org,93012 Ramirez Walks,Brownport,PA,37998
70228,Robin,Ramirez,6075816093,grichardson@example.org,92982 Price Lodge,Haynesfort,PA,64173
70229,Regina,Gonzales,1809417429,schmittstephanie@example.org,92823 Weiss Roads Suite 018,East Stephanieview,SD,11749
70230,Kelly,Weber,7668948807,karen71@example.net,51909 Landry Well Suite 241,Mejiahaven,IA,33187
70231,Leslie,Thompson,8592071439,lpierce@example.com,78893 Jonathan Circles,New Michael,VT,73568
70232,Michael,Sparks,3879420882,elizabeth97@example.com,5587 Smith Circle,West Ryan,MT,50982
70233,Steven,Hall,4372238759,conwaymorgan@example.com,801 Brian Points,Danielmouth,RI,90978
70234,Monica,Chaney,7854155591,connie50@example.org,0899 Aaron Islands Apt. 825,Port Juliefort,PR,26325
70235,Malik,Reyes,7867186761,salazarrobert@example.com,71880 Martinez Ports,Warrenmouth,CT,47537
70236,Frank,Gonzalez,3292902519,nicole03@example.net,5545 Janet Locks Apt. 470,East Briana,CT,78248
70237,Nathan,Foley,4849537639,yhowell@example.net,7735 Foley Roads Suite 021,Fowlerview,OK,93082
70238,Samantha,Moss,3104954574,wmartinez@example.net,356 Brandy Flat,Eddieburgh,PW,61573
70239,Michael,Woodward,3042901767,bryan34@example.com,1419 Brown Dam,Isabelmouth,ID,92776
70240,Michelle,Swanson,7469930353,wjuarez@example.net,4952 Christina Terrace Suite 267,Adamhaven,VA,32537
70241,Luke,Pitts,4904562040,millerwendy@example.net,4641 Logan Divide,Cummingsview,MA,33792
70242,Jeffery,Mcfarland,6293039891,obender@example.com,8410 Barbara Stream Apt. 222,Ayalatown,MI,58779
70243,William,Byrd,1035762526,lauriecarroll@example.com,374 John Spur,Port Matthewshire,DC,61575
70244,Christopher,Montoya,6565391411,michael33@example.net,8303 Michele Manors Suite 315,Melvinfort,LA,30199
70245,William,Good,8785704513,barbara89@example.org,60219 Kimberly Mountains,Brownview,OK,90720
70246,Ronald,Rogers,9542723047,copelandanna@example.net,31614 Jennifer View Suite 212,South Caitlin,MS,18283
70247,Cheryl,Hernandez,4639192678,burnsronald@example.com,871 Edwin Terrace Apt. 967,Lake Daniel,OR,23931
70248,Nicholas,Guerrero,5402373184,michellejohnson@example.org,89067 Le Crossing,Smithmouth,NV,90341
70249,David,Barton,1302781485,aryan@example.org,2149 Patricia Knoll,Maysside,NV,24173
70250,Susan,English,1828714122,qmccall@example.com,72984 Johnson Flats Apt. 366,Michaelstad,AL,73648
70251,Jessica,Price,1057134318,carlavincent@example.com,2257 Rebecca Manor Apt. 019,Traceyfurt,PW,75825
70252,Melody,Payne,1274166076,ddavidson@example.net,257 Johnson Fields,Denisemouth,MO,93339
70253,Ronnie,Williams,6450422672,wattsmatthew@example.com,06904 Joshua Isle,Jessicaburgh,CA,76266
70254,Alexis,Jacobson,5276223224,jeffrey03@example.net,833 Carrie Crescent Apt. 707,Lake Michael,NC,11692
70255,Samantha,Dennis,3394926292,johnsonmarc@example.com,7976 Suzanne Bypass Apt. 611,Port Krista,GA,32968
70256,Veronica,Burgess,8734576399,jonathansmith@example.com,68676 Shelton Shore,Lake Rodney,NJ,99792
70257,Jon,Jones,3960880733,teresamcbride@example.org,09466 Christopher Plaza,Victoriastad,WV,76295
70258,Sean,Griffin,5424020062,yhernandez@example.com,4474 Gary Falls Suite 153,Butlerville,MD,46503
70259,Steven,Giles,4835168991,garciakimberly@example.net,8336 Flores Circles Apt. 096,East Danielstad,VA,97416
70260,Anthony,Santos,9585131418,nwilliams@example.net,509 Tammy Loop,Cherylchester,MA,76832
70261,Brandy,Smith,1022907616,briancampbell@example.org,14287 Christopher Station Apt. 449,Foleyhaven,DE,59344
70262,Alyssa,Dennis,9230520551,markking@example.net,06257 Dawson Ports Suite 374,West Gregory,MA,93362
70263,Michael,Rodriguez,9197316863,philiprodriguez@example.net,347 Brown Brooks,Stephensonshire,WV,19059
70264,Sean,Brock,8090827683,meyerrobert@example.org,76945 Mark Trail,West Emily,OR,49164
70265,Cassidy,Davis,8396392411,caroline00@example.org,565 Smith Lock,North Cynthia,OK,58965
70266,Angela,Combs,6557244674,thomas37@example.com,391 Jacqueline Fork,West Scott,AL,95217
70267,Misty,Alvarez,8016744480,erica22@example.net,02950 Sabrina Inlet,West Kevin,PW,76485
70268,Cindy,Nicholson,8693608149,amanda10@example.net,59477 Samantha Fork Apt. 726,Jeffreyview,MA,93142
70269,Karen,Miller,7246345098,jon29@example.net,10767 Rubio Vista,Vargasstad,MN,98577
70270,Shane,Watkins,3941482517,gina18@example.net,8561 Moyer Keys Apt. 359,South Mirandaborough,UT,27945
70271,Nathaniel,Lee,8606979493,rbarnes@example.org,972 Jeremy Crescent,Benitezstad,KY,11713
70272,Edward,Bennett,8726599140,iharris@example.net,311 Ferguson Grove Apt. 957,Olsenmouth,IN,49152
70273,Devin,Anthony,6495710003,williamstiffany@example.net,695 Wright Oval,Joseview,LA,97888
70274,Michael,Wallace,3566094947,morrisjustin@example.org,57822 Lowe Lights,East Paul,AS,35165
70275,John,Hahn,2031889794,rachellindsey@example.org,9581 Rangel Walk Apt. 606,Lake Brandonburgh,PW,44281
70276,Jeffrey,Gibson,2913737119,christopher11@example.net,00187 Spencer Tunnel,Lake Vanessa,NY,89725
70277,Justin,Brooks,3369214822,ryan45@example.org,60855 Gordon Way Suite 005,Davidland,AK,83134
70278,Paul,Wright,7189381828,bendermichael@example.org,994 Wayne Squares Apt. 707,New Thomas,LA,54300
70279,Gabriella,Petty,1641572204,xmiller@example.net,28457 Harris Way Apt. 408,New Amberstad,FL,38321
70280,Heather,Lyons,1851652746,pauljohnson@example.com,848 Frank Fall Suite 410,Murphyborough,WY,43326
70281,Jennifer,Perkins,1186611994,dweiss@example.org,9901 Washington Circle Suite 773,South Danielborough,SC,39104
70282,Daniel,Horton,6748055155,eric16@example.net,61644 Stuart Curve Suite 326,West Nicholas,PA,63991
70283,Jeffrey,Smith,7306869661,sheltonjade@example.com,6930 Shelly Curve Apt. 578,South Sarashire,VT,95340
70284,Kendra,Mendoza,7012673776,richardgarcia@example.net,7946 Lauren Shore,Adamhaven,MT,40855
70285,David,Flores,5312653289,richardsonchristina@example.net,10932 Dennis Court,West Kara,MT,87652
70286,Steven,Hill,1287092350,clinemarie@example.net,0609 Henry Bypass Suite 269,West Mariaside,KS,14946
70287,Michelle,Mccoy,8538109472,bryanedwards@example.net,770 Monica Landing Apt. 474,Jonesberg,MT,16837
70288,Mike,Gray,7536680881,meadowssean@example.net,58818 Michelle Underpass Suite 696,West Jessica,VA,58969
70289,Jamie,Phillips,8815840678,daniellemoody@example.com,58260 Kevin Lodge Apt. 685,Ericmouth,OR,814
70290,Michael,Booker,6067146604,murphyjulia@example.com,5244 Johnson Pines Apt. 179,Jacksonshire,OH,43189
70291,Mark,Rivera,7698610515,nicole95@example.org,709 Stokes Light Suite 158,East Sherriburgh,MD,88071
70292,Jonathan,Clark,6369555833,wandagutierrez@example.net,299 Hall Village Suite 829,Philipview,WI,50826
70293,Frederick,Brown,6873140129,ramirezkevin@example.com,79128 Salinas Cove,East Barryfort,NH,12602
70294,Joseph,Bell,1907323967,cesar30@example.net,462 Charles Trafficway Suite 268,Walkerton,OH,33378
70295,Anthony,Hanson,2008532544,travisoliver@example.com,10045 Carol Ridge Apt. 473,Lake Mary,MT,46698
70296,Thomas,Colon,2405913406,jsimmons@example.net,7673 Charles Tunnel Apt. 345,Johnsonland,NV,76438
70297,Jesus,Ross,3166239467,williamnewman@example.org,23938 Dominique Rue Suite 327,East Victoriahaven,NV,14898
70298,Caitlin,Dudley,1597297214,burkejason@example.org,12529 Green Mountains Apt. 630,Lake Kimberlyfort,NV,12496
70299,Alejandro,Meyer,7273015025,alexanderjustin@example.org,6936 Martin Walk Apt. 127,Russellstad,LA,61938
70300,Kenneth,Mendoza,7206972651,barrywolf@example.com,49559 Arthur Stream,New Heathertown,KY,28303
70301,Jennifer,Stewart,9391590435,stevenfischer@example.org,9066 Jeffrey Vista,West Feliciafurt,WV,24907
70302,Debra,Williams,6669170952,tyrone35@example.net,775 Bryant Estate,Thompsonshire,WY,93900
70303,Melissa,Gilbert,4719419952,jamesbrown@example.com,24332 Lopez Summit,Lake Marcusbury,VT,81594
70304,Jennifer,Rodriguez,6838468864,ecannon@example.org,46647 Sarah Knoll,West Jeremyview,MD,84012
70305,Caleb,Reyes,1855597243,josephharris@example.org,6036 Joseph Crossroad,New Zachary,CA,17572
70306,Matthew,Petty,2176923885,jennifer69@example.org,88930 Jessica Islands,Lanebury,FL,93612
70307,Jason,Hamilton,1633334901,michaelcooper@example.org,8400 Wilson Springs,New Kimport,SD,72775
70308,Anthony,Robinson,4192654315,thomas79@example.com,828 Garcia Spur Suite 879,Andreburgh,GU,57451
70309,David,Bailey,6523295573,kevinfox@example.org,161 Christina Parkways,Donaldport,SC,55632
70310,Hailey,Butler,7292293538,jessica06@example.org,7371 West Islands,Kellyton,PW,25134
70311,Joseph,Shannon,4554467609,stephanieallen@example.net,45857 Cunningham Villages Apt. 088,Port Amberland,GA,91238
70312,Karen,Farley,6838472089,uhall@example.net,99607 Allen Fork Apt. 357,New Trevor,NH,34165
70313,Matthew,Lawrence,5604704665,michaelchapman@example.org,197 Patrick Summit,South Tina,MA,92425
70314,Stacey,Hayden,8482605550,cward@example.net,671 Brian Hill Apt. 631,New Gregoryton,IA,50847
70315,Grace,Baker,3953571246,amanda41@example.net,10811 Mark Mountain,Conleymouth,IL,31384
70316,Mary,Roberts,8777731834,sarahpage@example.com,18308 Sean Circle,West Erica,CO,67518
70317,Leah,Miller,6631518120,kimryan@example.net,679 Harry Club Suite 284,North Scott,KS,77943
70318,David,Stokes,6737862935,uerickson@example.com,53471 Brittany Road,Meganview,NE,69383
70319,George,Sutton,6828308570,mackmark@example.net,2992 Monica Squares,West Mary,LA,69348
70320,Sara,Gonzalez,1203551725,emilyjohnson@example.net,239 Dennis Glen,South Sally,FM,37938
70321,Shelby,Bell,2708220717,bzimmerman@example.net,683 Theresa Motorway Apt. 915,Josebury,NH,11307
70322,Alexis,Jordan,9166097408,piercenathaniel@example.net,00648 Swanson Point,West Jason,FL,86799
70323,Samantha,Norman,4686959397,sbuchanan@example.com,6777 Linda Points Apt. 190,Kristenberg,CA,20744
70324,Anita,Wilkinson,5290489260,uwhite@example.com,14506 Rodriguez Junctions Apt. 556,Mirandaburgh,RI,65098
70325,Joshua,Adams,9088199250,bonnie72@example.net,97511 Eric Hollow Apt. 709,Wallaceview,MI,34882
70326,Valerie,Ferguson,3299057770,denise00@example.com,937 Brown Corner Suite 621,New Kelly,ID,20413
70327,Jessica,Flores,3173007273,lisa16@example.org,885 Brewer Summit,Thompsonhaven,PA,61048
70328,Christopher,Phillips,7179247198,castrobrandon@example.net,527 Stanton Plains,Lake Jay,MH,10169
70329,Valerie,Henry,6197179050,lawrencebooth@example.com,7432 Amy Lodge Apt. 946,Jayhaven,CA,55445
70330,Aimee,Morris,1704633855,ginablake@example.net,8247 Yoder Prairie,North Marthaton,MP,58200
70331,Sheri,Coffey,7484267793,aarongillespie@example.org,2558 James Valley,Wolfhaven,TN,36979
70332,Adam,Greene,3569915141,sarahmartin@example.org,5363 Ortega Orchard,South Christopher,DC,49149
70333,Tiffany,Sampson,1255537549,nelsonkatherine@example.net,1245 Luis Cliffs,North Daniel,PA,89763
70334,Mario,Bennett,4714455709,shortshannon@example.com,90101 Goodwin Corner Suite 328,Wilkersonside,CT,57754
70335,Ann,May,2930842545,davidcox@example.org,74790 Carter Bypass Apt. 762,Kaylaside,VA,87176
70336,John,Clayton,2336987183,howardochoa@example.org,92683 Shelia Plains,Port Kimberly,MT,79361
70337,Laura,Vang,3301581647,skinnerjeffrey@example.com,74363 Roth Meadow Suite 131,Raymondborough,VA,58862
70338,Kyle,Reeves,1797813772,kemprebecca@example.net,706 Butler Parkways Apt. 185,Campbellhaven,MA,19204
70339,Cheryl,Wilson,1701682488,kathleenburnett@example.org,19252 Simmons Viaduct Suite 981,Christopherberg,DE,13312
70340,Michael,Rivera,6234299979,kellycummings@example.net,08362 Daniel Vista,North Lisa,NE,40835
70341,Jeremy,Griffin,9312242988,amykent@example.net,1617 Savage Wells,North Valeriefort,AL,27600
70342,Rachel,Wallace,1587750408,rochakatie@example.com,54849 Scott Ridges,North Shannonfurt,MA,79021
70343,Jeffrey,Davis,1680327232,ahudson@example.com,3099 Nicole Ville,South Thomasfurt,MS,35511
70344,Debbie,Thompson,3670969557,brian49@example.org,7354 Wendy Fields Apt. 847,South Robert,MA,74630
70345,Abigail,Rodriguez,2160844327,ashleyrobles@example.net,8968 Wendy Streets,Markview,VT,44213
70346,Gary,Moreno,6339273056,mosleyrebecca@example.com,16520 Orr Mountains Apt. 265,New Vincent,VI,58042
70347,Daniel,Winters,1701190709,joshuagalloway@example.net,5270 Katherine Tunnel Apt. 499,Lake Brian,MS,58285
70348,Miguel,Henry,2808984509,brianna84@example.org,7064 Buchanan Grove,Jenniferstad,IA,78748
70349,Angela,Moore,1182692516,kmaddox@example.org,01503 Robert Mill,South Ashleychester,AK,16602
70350,Elizabeth,Weaver,9491140425,joy84@example.com,8771 Suarez Walk Apt. 103,Blairville,NH,82242
70351,Patrick,Smith,6437838432,yfrancis@example.net,933 Wagner Curve Suite 290,West Jordan,LA,96422
70352,Rebecca,Melendez,7664571890,schwartzchristie@example.com,147 Wilson Cove Apt. 492,New Johnberg,DC,18482
70353,Joseph,Williams,3982750492,james50@example.net,064 James Fork,East Mary,MI,11369
70354,William,Mcclure,7471429900,nathanwilliams@example.org,61917 Jacob Centers,Port Diane,CO,53756
70355,Paul,Warren,5164018417,turnerkenneth@example.org,0034 Robert Skyway Apt. 776,Lake Meredith,LA,24190
70356,Michael,Pearson,1511993591,mistymiller@example.org,5325 Rhonda Light Apt. 694,Crossmouth,MO,68365
70357,Amber,Stafford,3685252936,lchristian@example.net,770 Melinda Ridges Suite 216,Angelaburgh,PA,97204
70358,James,Johnson,5335917993,mirandabarrera@example.org,7220 Johnston Island Apt. 836,South Jesse,NM,97553
70359,Dana,Koch,3441472842,georgewinters@example.org,35576 Duncan Plains,South Craig,GU,71550
70360,Ashley,Baker,7038904727,kdennis@example.com,38561 Williams Lock,Henrymouth,ME,28843
70361,Alison,Garcia,7817934634,jocelynwright@example.com,04042 Derrick Cliffs Suite 171,South Johnnymouth,VT,72254
70362,Alice,Ramirez,4865828825,ricardo59@example.com,85303 Watkins Stream Apt. 924,Meganport,WV,71384
70363,Jose,Morton,5890173502,jjohnson@example.org,860 Stark Burgs Suite 676,Castrobury,DC,57285
70364,Stephanie,Frazier,9513837230,bradleyrenee@example.net,53858 Allison Creek Suite 240,Lake Jared,AK,35747
70365,Edward,Adams,7433918391,bhanson@example.net,57627 Dalton Divide,Michaelside,VT,48573
70366,Charles,Oconnell,5995229931,claytonallen@example.com,07900 Castillo Trafficway Suite 700,North Charlesmouth,TN,79021
70367,Michael,Smith,1870164342,andrewshaw@example.com,61565 Anna Orchard Suite 156,Lake Tiffanyberg,SD,44226
70368,Lindsay,Sanchez,6574891869,johnrodriguez@example.com,863 Rodriguez Bridge,Riosport,MD,97039
70369,Dustin,Miller,4641720124,davidrios@example.net,649 Andrew Course,West Leestad,ID,71802
70370,Robert,Alvarado,7483888615,fsimmons@example.net,31344 Gill Skyway,West Krystalbury,SD,11243
70371,Dale,Gonzalez,2979171327,boothcurtis@example.org,57685 Pamela Dale Apt. 134,Evansborough,MO,67124
70372,Lindsay,Turner,3071868896,john15@example.org,9528 Kramer Harbors Apt. 724,North Christine,MS,41003
70373,Jessica,Mcdonald,6475523929,pmontoya@example.com,50823 Jose Villages Suite 542,Lake Cindyshire,VA,63996
70374,Peter,Vaughan,1189976252,isteele@example.net,2040 Yvette Drives Suite 010,South Thomasville,IL,93868
70375,Darryl,Cunningham,5519107386,anneparker@example.net,683 Graves Oval Apt. 633,Carlton,NY,65880
70376,Donald,Porter,6305903200,watersbrianna@example.net,59155 Elizabeth Mountains,Jonestown,TN,19128
70377,Christina,Pierce,9365286245,donnatravis@example.org,108 Ellen Prairie Apt. 076,Rebeccaberg,NE,54019
70378,Julie,Lewis,3912928524,scastro@example.org,97950 Jennifer Extension Apt. 863,East Lisa,HI,40727
70379,Brandon,Shah,8027950076,virginia32@example.com,725 John Parkways Suite 927,Bridgetstad,SD,95292
70380,Kyle,Contreras,6409472055,ricky29@example.com,843 Melton Motorway Suite 791,Griffithview,KY,48587
70381,Kevin,Mccarty,5999103631,jameslee@example.com,52907 Hector Unions,Davischester,NE,44846
70382,Sean,Cochran,3667213779,kimberlyshaffer@example.net,678 Burns Mews,Hamiltonville,IL,62407
70383,Randy,Decker,9734906972,vlopez@example.org,9610 April Crescent Suite 107,Larryburgh,MP,16417
70384,James,Martin,1108802525,fosterdavid@example.net,3093 Thomas Club,Andersonshire,GA,41324
70385,Natalie,Phillips,9080023138,garciadana@example.net,531 Daniel Motorway,Cindyfort,MI,37777
70386,Kevin,Lee,4601549169,katherinenorris@example.com,9864 Reynolds Avenue Apt. 270,Port Charlestown,WI,19018
70387,Michael,Bishop,1900849584,kyle42@example.net,30692 Watson Station,Snydermouth,WI,52351
70388,Brittany,Rogers,5843872162,veronica28@example.org,15600 Katherine Dam,North Bonnie,TN,70738
70389,Mary,Curry,9819847871,holsen@example.net,81744 Haney Brooks,East Brian,ND,66457
70390,Sharon,Navarro,5604486004,billtaylor@example.net,8599 Gonzalez Valleys,Ericaview,MH,75853
70391,Jason,Deleon,8780503809,omitchell@example.net,2663 Monica Way Suite 542,Wilsonmouth,VI,74300
70392,Joanne,Bates,9488969242,qwilliams@example.com,702 Joseph Causeway Apt. 728,Tylerside,KS,28328
70393,Sheila,Hall,3880105938,alexander40@example.com,049 Brianna Rue Suite 480,Robertmouth,IL,44924
70394,Courtney,Johnson,4406431229,lstrickland@example.net,832 Riley Land,North Kathyland,WV,48609
70395,Leslie,Bowen,9582822822,joshua91@example.com,72609 Cindy Meadow Suite 939,North Victoriamouth,CA,61694
70396,Michelle,Mann,7198082080,jamie05@example.com,1262 John Passage Suite 439,New John,RI,37381
70397,Donna,Santiago,1496731210,williamking@example.net,14615 Austin Shoals,South Melissa,MH,92239
70398,Michael,Torres,9580510406,christensenmonica@example.com,52513 Gray Key,Tammyside,LA,15819
70399,Lisa,Graves,9198685135,jasonhamilton@example.com,16478 Anderson Stravenue Apt. 491,Martinezport,AS,42608
70400,Melissa,Ayala,4026566463,brianglover@example.net,2356 Lane Villages,Gavinside,CO,95205
70401,Justin,Wright,5148987052,fergusondiana@example.org,240 Lisa Lock Suite 701,Port Mary,DE,75779
70402,Vicki,Copeland,4754244900,harriseileen@example.com,55481 Combs Cape,Martinezton,CA,98994
70403,Robert,Parks,7927448133,jeffrey90@example.com,34104 Bryan Run,Obrienton,UT,20697
70404,Mark,Wilkins,9752250620,wilsonlori@example.net,80288 Martinez Knolls Apt. 808,Davisshire,GU,51917
70405,Andrea,Cannon,1053878903,jspencer@example.org,4663 Sandra Prairie Suite 040,Jordanton,MN,31140
70406,Matthew,Hull,9409940903,udoyle@example.com,3842 Mitchell Ville,Mclaughlinbury,VI,70274
70407,Mary,Kirk,2243146561,williamsonaustin@example.org,299 Lin Plains,Port Jacqueline,FL,88246
70408,Teresa,Mcdonald,7883408871,mmacdonald@example.net,136 Jackson Terrace,Georgeview,FM,94384
70409,Eric,Walton,3047915402,daniel07@example.com,0331 Jason Island,South Amandabury,AR,57797
70410,Robyn,Ward,9296188725,wangallison@example.net,07403 Allison Inlet Apt. 453,Jonathanmouth,SD,20450
70411,David,Singh,4800575822,larrymckay@example.org,885 Alvarez Union Apt. 493,New Christopher,OK,38508
70412,Brandon,Wilson,7592626374,usmall@example.org,920 John Port Apt. 468,Port Dustinton,ME,94634
70413,Michael,Moore,9933263538,nathan93@example.org,8583 Morse Mountain,Donaldberg,AZ,56463
70414,Elizabeth,Hammond,4015287216,jacksonjade@example.org,9927 Mark Route,Chelseyport,NM,79729
70415,Stacey,Wood,6745323181,ilee@example.net,16227 Gabrielle Courts Suite 943,South Brianna,IL,76440
70416,Felicia,Mcgrath,9840654009,willissteven@example.org,01510 Miguel Fork,Angelaton,CA,27837
70417,Wesley,Leon,9292822177,zbailey@example.org,90739 Michael Avenue,North Mackenzie,GA,69421
70418,Shannon,Thompson,6333080883,jcooke@example.net,9322 Harold Burgs,East Zacharyberg,ND,21392
70419,Amy,Dyer,3076934616,warrenchristopher@example.com,668 Montgomery Rest,East Lindaborough,IL,72275
70420,Jacob,Brown,8057886014,teresa11@example.com,05395 Hannah Forest Apt. 445,Kennethberg,PR,75517
70421,James,Contreras,7362680018,albert91@example.net,900 Traci Causeway,North Tara,IL,67544
70422,Colin,Ray,7503510724,rjohnson@example.net,25577 Tiffany Union,South Charlesport,PA,93182
70423,Lynn,Bell,7451844792,robert78@example.com,5316 Alyssa Point Apt. 938,Danielborough,AZ,23338
70424,Heather,Smith,5324607840,lbrown@example.com,558 John Rapids Apt. 521,Watsonhaven,VA,60767
70425,Shawn,Jackson,7283716809,ecampos@example.net,208 Garcia Camp Apt. 805,North Misty,TN,90887
70426,Amanda,Hays,5921288270,jeffreyruiz@example.com,3515 James Forges Suite 535,South Martin,NH,85054
70427,Brian,Arroyo,8462751134,michael50@example.org,4661 Hammond Junctions Apt. 118,Genemouth,DC,21025
70428,Megan,Manning,2956367501,williamchoi@example.com,4797 Allen Extension,Cherryborough,HI,96287
70429,Jennifer,Barnes,5483187720,vfranco@example.org,53124 James Stream Apt. 638,Smithshire,GU,10221
70430,Frank,Garrett,7728612464,wcox@example.net,484 Stanley Lake,New Brandiview,FL,34416
70431,Lisa,Wells,7437419076,ejohnson@example.org,30601 Vickie Gardens,East Brittany,OH,42655
70432,John,Zavala,3402670180,matthewboyle@example.net,9006 Bailey Islands Suite 364,Foxtown,NE,48622
70433,Kayla,Underwood,2658701162,brooke20@example.com,8481 Edwards Curve Apt. 670,West Emilyfort,ID,91099
70434,Mary,Murillo,2538661210,zwatson@example.org,672 Alvarado Harbor,South Evanborough,NC,31641
70435,Christine,Medina,8838984002,nmiddleton@example.com,3038 Steven Wall Apt. 636,Marciaside,VA,82774
70436,Micheal,Bradley,5232804387,brownsusan@example.net,25837 Lyons Vista Apt. 210,Danielhaven,WY,99739
70437,Vincent,Martin,4188241588,williamskristy@example.com,99558 Mary Isle,New Troyfurt,AS,81044
70438,Susan,Pope,1961519870,garciajerome@example.com,57335 Laura Place,Alyssaville,FM,35600
70439,Karina,Smith,5613198428,jhill@example.org,691 Dudley Station,Howeburgh,DC,79432
70440,Logan,Green,4136859351,kaylee93@example.org,900 David Parks Apt. 876,Jenkinsfurt,LA,62025
70441,Deborah,Hernandez,8493072977,selenawoodard@example.net,8935 Stephen Mill Suite 360,Samanthaberg,LA,17805
70442,Julian,Jackson,3943299739,jimmy82@example.org,83078 Hull Loaf,West Jamesfurt,VI,55890
70443,Terri,Morton,7016118403,jillblair@example.com,124 Jacqueline Islands Suite 233,New Billymouth,TN,97541
70444,Ian,Kennedy,6854935888,chambersnicole@example.net,840 Patterson Green Suite 111,Port Emily,CA,45192
70445,Vincent,Boone,5670952379,fkirby@example.net,6361 Laura Tunnel Suite 704,Port James,AK,73997
70446,James,Fox,4245603758,williamwillis@example.org,02523 Anna Spring,New Dean,NE,59093
70447,Nicole,Blair,9207816696,katelynphillips@example.com,62490 Steven Rapid,South Cheryl,NJ,44961
70448,Valerie,Ray,9213052244,kennedythomas@example.com,8541 Russell Trace,North Susan,PA,98331
70449,Amy,Stewart,1254478400,stacy42@example.org,69595 Hodges Ville Apt. 077,West Johnathan,AR,29354
70450,Matthew,Williams,9737733971,cannonpatrick@example.com,6766 Kiara Plaza,Ellisfurt,WY,54530
70451,Ashley,Peterson,4650301664,karl55@example.net,1767 Tiffany Dam,Valeriefurt,KY,24959
70452,Robin,Chapman,1984684678,bakerstacy@example.org,5662 Mendoza Cliff Suite 050,Baldwinville,NV,75764
70453,Pamela,Harrell,7117588151,christopher77@example.net,09460 Elizabeth Center Apt. 905,Freemanburgh,MO,33802
70454,Denise,Macias,9785906304,zthomas@example.com,0103 Robinson Mountains,Micheleshire,CT,60029
70455,Greg,Martin,8248788348,tiffanybennett@example.org,58644 Colleen Lights,Ianborough,CT,81557
70456,Kristina,Duarte,4756542435,davidsanchez@example.com,26373 Oneal Fall Apt. 493,Lake Rebeccaborough,UT,92989
70457,Darrell,Blankenship,6055940133,nwatson@example.org,64518 Sarah Crossroad Apt. 053,East Zachary,CO,44399
70458,Steve,Munoz,2555173983,richardsontodd@example.com,09197 Cindy Extension Apt. 602,West Kimberlyhaven,CA,66509
70459,Shannon,Hicks,4600823000,jpeters@example.com,48217 Ruiz Via,Valeriebury,KS,58274
70460,Dana,Jensen,1607159941,anthonyreeves@example.net,8633 Goodwin Locks Suite 181,Ryanshire,GU,48124
70461,Kenneth,Velasquez,1317187327,spencermichael@example.com,996 Amy Point,West Bruce,NM,29452
70462,Steven,Koch,1274562177,wilkinsondavid@example.org,71526 Kennedy Plains,North Robertfurt,NE,35415
70463,Marc,Frye,2703764821,jonesjoshua@example.org,2692 Wise Cliffs,Sandovalfurt,VI,78937
70464,Leah,Lewis,7317703082,pclements@example.net,12079 Johnson Spurs Suite 818,Jimmyborough,MA,82111
70465,Ashley,Carrillo,6409128819,warnerangela@example.com,4242 Wong Green,Jonesborough,HI,25256
70466,Christopher,Reid,3884706458,jeffreycruz@example.com,983 Thomas Fork Apt. 752,Lake Anne,UT,26157
70467,Ralph,Davis,3821373686,michael88@example.org,703 Dominguez Harbors,South Christineside,ID,32396
70468,Christopher,Smith,5060366964,pcrawford@example.org,84115 Hines Tunnel,North Michelleburgh,NE,49432
70469,Sherry,Singh,7394272531,jhoward@example.org,35075 Thomas River Apt. 323,Phillipsport,IN,25755
70470,Michelle,Ford,4052679828,samuel70@example.com,944 Clark Ranch Suite 596,Michaelton,WV,82719
70471,Matthew,Briggs,8622982369,uvega@example.com,589 Alan Springs Suite 415,South Sherry,CO,62639
70472,Peggy,Jennings,8052472173,buchananjoseph@example.org,6986 Boyd Isle Suite 344,North Sarahfurt,CO,78814
70473,Kyle,Wilson,8252637979,alice65@example.org,690 Alice Mountain Suite 695,Hansenberg,IL,51020
70474,Deborah,White,6472194671,james03@example.org,860 Julie Garden,Lake Julie,MP,54806
70475,Nicholas,Warren,1216137008,anthonydavis@example.net,6147 Melton Freeway,Mejiashire,CA,46564
70476,Jamie,Briggs,8186202014,leerebecca@example.net,107 Karen Road Suite 216,Donovanland,PA,704
70477,Elizabeth,Vasquez,3839165737,brianwebb@example.com,0581 Kelly River Suite 808,Davidhaven,IA,63524
70478,Thomas,Delacruz,9026588676,varnold@example.com,287 Jamie Flats Suite 732,Lewischester,WA,51468
70479,Michael,Dominguez,4259778456,hcolon@example.com,26211 Armstrong Highway,Danielton,MI,72467
70480,Joshua,Mann,3723411704,rowemary@example.net,49351 Osborne Corners Suite 777,Lake Judymouth,WA,29575
70481,Kathleen,Scott,9854379089,cherylrios@example.org,62307 Brittney Lakes,Aliciatown,DE,47583
70482,Jonathan,Mckenzie,3115251494,cwells@example.com,9269 Holder Falls Suite 235,Daniellemouth,IA,10571
70483,Krista,Davis,9082375331,fitzpatrickpaul@example.com,8097 Adam Trace Suite 228,Burgessshire,NV,32264
70484,Mary,Martinez,2699745310,ryanrobles@example.net,776 Sandra Summit,Port Robert,MS,14322
70485,Brandy,Tran,4592277667,fpark@example.org,5636 Carlson Forge,North Williamborough,NC,92755
70486,Natalie,Powell,7602175911,vjohnson@example.org,74249 Kevin Drive Suite 213,Randytown,IN,89281
70487,Kathy,Jackson,3676397629,hernandezrichard@example.com,646 Mary Junction Apt. 518,Hancockmouth,MA,15636
70488,Donald,George,2997902932,qlamb@example.com,257 Clark Gateway,Hendrixbury,FL,69808
70489,Matthew,Deleon,3555423964,cnguyen@example.com,54963 Sharon Inlet,East Anthony,AR,52530
70490,Gary,Bennett,5983807697,jeffreydavila@example.org,9271 Joseph Keys,South Jeremyville,KY,49905
70491,Stephanie,Hall,1454043040,travis50@example.com,9822 Cathy Village Suite 298,Kristenbury,NM,57176
70492,Nicole,Bradshaw,9164032438,pamela39@example.net,4635 Garner Estates,East Sheila,ID,12763
70493,Daniel,White,9925962591,mackenzie03@example.org,692 Michael Drive Suite 919,Lake Maryborough,NH,10717
70494,Allen,Nunez,4466751773,nicole88@example.org,87216 Knapp Passage Suite 625,Port John,IA,83257
70495,Theodore,Smith,3568713676,bridgesjudith@example.com,930 Nicole Fields Suite 445,Rodriguezland,SD,28759
70496,Jeremiah,Serrano,9474899814,heather35@example.net,917 Elizabeth Trafficway,Thompsonmouth,OH,32321
70497,Christopher,Thomas,9868119115,pearsonjoshua@example.net,93784 Merritt Row,Cummingsberg,OR,41774
70498,Jamie,Wagner,9476806435,patricia52@example.com,6390 Virginia Rue Suite 949,North Cameronland,NH,92506
70499,Jose,Lopez,5158248172,hernandezjennifer@example.net,6994 Tina Islands Apt. 629,Lake Bryanton,IA,17335
70500,Logan,Peters,4203475649,bailey60@example.com,335 Teresa Field,West Teresa,NY,47008